/*
 Navicat Premium Dump SQL

 Source Server         : news
 Source Server Type    : MySQL
 Source Server Version : 100432 (10.4.32-MariaDB)
 Source Host           : localhost:3306
 Source Schema         : webupdate

 Target Server Type    : MySQL
 Target Server Version : 100432 (10.4.32-MariaDB)
 File Encoding         : 65001

 Date: 10/12/2024 22:15:18
*/

SET NAMES utf8mb4;
SET FOREIGN_KEY_CHECKS = 0;

-- ----------------------------
-- Table structure for categories
-- ----------------------------
DROP TABLE IF EXISTS `categories`;
CREATE TABLE `categories`  (
  `CID` int UNSIGNED NOT NULL AUTO_INCREMENT,
  `CName` varchar(50) CHARACTER SET utf8 COLLATE utf8_unicode_ci NOT NULL,
  `Xoa` int NULL DEFAULT 0,
  PRIMARY KEY (`CID`) USING BTREE
) ENGINE = InnoDB AUTO_INCREMENT = 15 CHARACTER SET = utf8 COLLATE = utf8_unicode_ci ROW_FORMAT = Dynamic;

-- ----------------------------
-- Records of categories
-- ----------------------------
INSERT INTO `categories` VALUES (1, 'Xã hội', 0);
INSERT INTO `categories` VALUES (2, 'Văn hóa ', 0);
INSERT INTO `categories` VALUES (3, 'Kinh tế', 0);
INSERT INTO `categories` VALUES (4, 'Giáo dục', 0);
INSERT INTO `categories` VALUES (5, 'Thể thao', 0);
INSERT INTO `categories` VALUES (6, 'Giải trí', 0);
INSERT INTO `categories` VALUES (7, 'Pháp luật', 0);
INSERT INTO `categories` VALUES (8, 'Công nghệ', 0);
INSERT INTO `categories` VALUES (9, 'Đời sống', 0);
INSERT INTO `categories` VALUES (10, 'Nhà đất', 0);

-- ----------------------------
-- Table structure for categorymanager
-- ----------------------------
DROP TABLE IF EXISTS `categorymanager`;
CREATE TABLE `categorymanager`  (
  `UserID` int NULL DEFAULT NULL,
  `CID` int NULL DEFAULT NULL
) ENGINE = InnoDB CHARACTER SET = utf8 COLLATE = utf8_unicode_ci ROW_FORMAT = Dynamic;

-- ----------------------------
-- Records of categorymanager
-- ----------------------------
INSERT INTO `categorymanager` VALUES (2, 1);
INSERT INTO `categorymanager` VALUES (2, 3);
INSERT INTO `categorymanager` VALUES (2, 7);
INSERT INTO `categorymanager` VALUES (2, 9);
INSERT INTO `categorymanager` VALUES (5, 4);
INSERT INTO `categorymanager` VALUES (5, 2);
INSERT INTO `categorymanager` VALUES (5, 5);
INSERT INTO `categorymanager` VALUES (5, 6);
INSERT INTO `categorymanager` VALUES (5, 9);
INSERT INTO `categorymanager` VALUES (5, 10);

-- ----------------------------
-- Table structure for comment
-- ----------------------------
DROP TABLE IF EXISTS `comment`;
CREATE TABLE `comment`  (
  `ComID` int NOT NULL AUTO_INCREMENT,
  `UID` int NULL DEFAULT NULL,
  `PostID` int NULL DEFAULT NULL,
  `Comment` varchar(500) CHARACTER SET utf8 COLLATE utf8_unicode_ci NULL DEFAULT NULL,
  `Date` datetime NULL DEFAULT NULL,
  `solike` int NULL DEFAULT 0,
  PRIMARY KEY (`ComID`) USING BTREE
) ENGINE = InnoDB AUTO_INCREMENT = 4 CHARACTER SET = utf8 COLLATE = utf8_unicode_ci ROW_FORMAT = Dynamic;

-- ----------------------------
-- Records of comment
-- ----------------------------
INSERT INTO `comment` VALUES (1, 1, 2, 'abcdefgh', '2024-12-17 22:45:02', 0);
INSERT INTO `comment` VALUES (2, 1, 2, 'cũng cũng i :>', '2024-12-17 22:45:08', 0);
INSERT INTO `comment` VALUES (3, 4, 2, 'Tin oke đấy chứ', '2024-12-17 22:45:23', 0);

-- ----------------------------
-- Table structure for commentlike
-- ----------------------------
DROP TABLE IF EXISTS `commentlike`;
CREATE TABLE `commentlike`  (
  `CLID` int NOT NULL AUTO_INCREMENT,
  `ComID` int NULL DEFAULT NULL,
  `UID` int NULL DEFAULT NULL,
  PRIMARY KEY (`CLID`) USING BTREE
) ENGINE = InnoDB AUTO_INCREMENT = 1 CHARACTER SET = utf8 COLLATE = utf8_unicode_ci ROW_FORMAT = Dynamic;

-- ----------------------------
-- Records of commentlike
-- ----------------------------

-- ----------------------------
-- Table structure for posts
-- ----------------------------
DROP TABLE IF EXISTS `posts`;
CREATE TABLE `posts`  (
  `PostID` int NOT NULL AUTO_INCREMENT,
  `PostTitle` varchar(500) CHARACTER SET utf8 COLLATE utf8_unicode_ci NOT NULL,
  `CID` int NOT NULL,
  `SCID` int NULL DEFAULT NULL,
  `UID` int NOT NULL,
  `TimePost` datetime NOT NULL,
  `SumContent` text CHARACTER SET utf8 COLLATE utf8_unicode_ci NOT NULL,
  `Content` longtext CHARACTER SET utf8 COLLATE utf8_unicode_ci NOT NULL,
  `source` varchar(200) CHARACTER SET utf8 COLLATE utf8_unicode_ci NOT NULL,
  `linksource` varchar(200) CHARACTER SET utf8 COLLATE utf8_unicode_ci NOT NULL,
  `view` bigint NOT NULL DEFAULT 0,
  `Duyet` int NOT NULL DEFAULT 0,
  `StatusPost` varchar(200) CHARACTER SET utf8 COLLATE utf8_unicode_ci NOT NULL DEFAULT 'Chưa được duyệt',
  `Reason` varchar(500) CHARACTER SET utf8 COLLATE utf8_unicode_ci NULL DEFAULT NULL,
  `TimePublic` datetime NULL DEFAULT NULL,
  `Premium` int NOT NULL DEFAULT 0,
  `xoa` int NOT NULL DEFAULT 0,
  PRIMARY KEY (`PostID`) USING BTREE
) ENGINE = InnoDB AUTO_INCREMENT = 25 CHARACTER SET = utf8 COLLATE = utf8_unicode_ci ROW_FORMAT = Dynamic;

-- ----------------------------
-- Records of posts
-- ----------------------------
INSERT INTO `posts` VALUES (2, 'Triển lãm gần 400 tài liệu quý về Quân đội anh hùng - Quốc phòng vững mạnh', 1, 1, 4, '2024-12-10 13:38:20', 'Sáng 10-12, Quân khu 7 tổ chức triển lãm chuyên đề \'Quân đội anh hùng - Quốc phòng vững mạnh\' tại Bảo tàng Chiến dịch Hồ Chí Minh (quận 1, TP.HCM).', '<p>Triển lãm được tổ chức chào mừng kỷ niệm 80 năm Ngày thành lập Quân đội nhân dân Việt Nam và 35 năm Ngày hội Quốc phòng toàn dân.</p>\r\n<p>Với chủ đề <strong>Quân đội anh hùng - Quốc phòng vững mạnh</strong>, triển lãm giới thiệu gần 400 hình ảnh, hiện vật, tài liệu, chia thành 4 không gian trưng bày:</p>\r\n<ul>\r\n  <li>Quân đội nhân dân Việt Nam trong cuộc tổng khởi nghĩa giành chính quyền và kháng chiến chống thực dân Pháp xâm lược;</li>\r\n  <li>Quân đội nhân dân Việt Nam trong cuộc kháng chiến chống Mỹ, cứu nước, chiến đấu bảo vệ biên giới Tổ quốc và thực hiện nghĩa vụ quốc tế;</li>\r\n  <li>Xây dựng nền quốc phòng toàn dân vững mạnh đáp ứng yêu cầu bảo vệ Tổ quốc;</li>\r\n  <li>Lực lượng vũ trang Quân khu 7 - điểm sáng của toàn quân về xây dựng nền quốc phòng toàn dân bảo vệ Tổ quốc trong tình hình mới.</li>\r\n</ul>\r\n<p>Đại tá Nguyễn Như Trúc - Phó Chủ nhiệm Chính trị Quân khu 7, phát biểu mong muốn triển lãm có thể mang giá trị tuyên truyền cho cán bộ, chiến sĩ, nhân dân về truyền thống vẻ vang của Quân đội nhân dân Việt Nam anh hùng.</p>\r\n<p>Đội quân cách mạng đã lập nhiều chiến công vang dội, rạng ngời thành tích, son sắt lời thề <em>&ldquo;Trung với Đảng, hiếu với dân, nhiệm vụ nào cũng hoàn thành, khó khăn nào cũng vượt qua, kẻ thù nào cũng đánh thắng&rdquo;</em>.</p>\r\n<p>Bên cạnh đó, triển lãm còn giới thiệu nhiều chủ trương, mô hình sáng tạo, hiệu quả của lực lượng vũ trang Quân khu 7, góp phần quan trọng xây dựng địa bàn quân khu ổn định, phát triển.</p>\r\n<p>Triển lãm khơi dậy niềm tự hào, tự tôn dân tộc, giáo dục cho cán bộ, chiến sĩ lực lượng vũ trang Quân khu 7 và nhân dân, nhất là thế hệ trẻ, không ngừng phát huy truyền thống cách mạng, hun đúc tinh thần yêu nước, quyết tâm xây dựng một nước Việt Nam hòa bình, độc lập, dân chủ, giàu mạnh, phồn vinh, văn minh, hạnh phúc.</p>\r\n<p>Xây dựng nền quốc phòng toàn dân vững mạnh và bảo vệ vững chắc Tổ quốc Việt Nam xã hội chủ nghĩa, góp phần đưa nước ta bước vào kỷ nguyên mới, kỷ nguyên vươn mình của dân tộc.</p>\r\n<p>Ngày đầu tiên mở cửa, triển lãm thu hút lượng lớn chiến sĩ thuộc Quân khu 7 và người dân đến tham quan.</p>\r\n<p>Bạn Đoàn Thị Kim Ngân - sinh viên Trường Đại học Luật TP.HCM, chia sẻ: <em>&ldquo;Là thế hệ trẻ, chúng em cần tìm hiểu về lịch sử, về những gì ông cha ta đã chiến đấu để giành được độc lập, tự do cho đất nước hôm nay. Nhìn những hiện vật, hình ảnh trưng bày, em cảm thấy vô cùng tự hào vì truyền thống hào hùng của Quân đội nhân dân Việt Nam&rdquo;</em>.</p>\r\n<p>Triển lãm sẽ chính thức mở cửa từ ngày <strong>10-12</strong> và kéo dài đến 16h ngày <strong>31-12</strong> tại Bảo tàng Chiến dịch Hồ Chí Minh (quận 1, TP.HCM).</p>\r\n<table class=\"picture\" align=\"center\">\r\n<tbody>\r\n<tr>\r\n<td class=\"pic\"><img title=\"Thiếu tướng Hoàng Đình Chung - chủ nhiệm chính trị Quân khu 7 - cùng các đại biểu tham quan triển lãm - Ảnh: THANH HIỆP\" src=\"https://cdn.tuoitre.vn/471584752817336320/2024/12/10/base64-1733805803823675164638.jpeg\" alt=\"Tong kiem soat phuong tien anh 1\" data-bind-event=\"true\" data-title=\"Tổng kiểm so&aacute;t phương tiện ảnh 1\" /></td>\r\n</tr>\r\n<tr>\r\n<td class=\"pCaption caption\">\r\n<p>CSGT kiểm tra nồng độ cồn t&agrave;i xế. Trong 1 th&aacute;ng qua đ&atilde; c&oacute; hơn 20.000 người vi phạm li&ecirc;n quan đến nồng độ cồn bị xử phạt. Ảnh:&nbsp;<em>H.Q.</em></p>\r\n</td>\r\n</tr>\r\n</tbody>\r\n</table>\r\n<figure class=\"video cms-video\" data-video-src=\"https://znews-mcloud-bf-s2.zadn.vn/KlDf8vMbRXI/64965893e8d1018f58c0/123af91d63588a06d349/720/381463dc759e9cc0c58f.mp4?authen=exp=1597294604~acl=/KlDf8vMbRXI/*~hmac=362af6f45db416d47504a532557e86d6\">\r\n<div class=\"video-container formatted\">\r\n<div id=\"video-282\" class=\"player\">\r\n<div id=\"video-282\" class=\"video\">\r\n<div class=\"--z--player\" tabindex=\"1\" data-player=\"\">\r\n<div class=\"AdsPluginNonLinear\">&nbsp;</div>\r\n<div class=\"--z--player-poster\">\r\n<div class=\"--z--poster-controls --z--play-wrapper --z--active\">&nbsp;</div>\r\n</div>\r\n<button class=\"--z--big-play-button\" title=\"Ph&aacute;t\" type=\"button\"></button></div>\r\n</div>\r\n</div>\r\n</div>\r\n<figcaption><strong><a class=\"autolink\" href=\"https://zingnews.vn/video-lai-xe-khong-mu-bao-hiem-quay-dau-xe-khi-thay-chot-do-nong-do-con-post1094468.html\" target=\"_blank\" rel=\"noopener\">L&aacute;i xe kh&ocirc;ng mũ bảo hiểm quay đầu xe khi thấy chốt đo nồng độ cồn</a></strong>&nbsp;Tối 10/6, C&ocirc;ng an TP Tam Kỳ (Quảng Nam) tổng kiểm so&aacute;t phương tiện ở nhiều tuyến đường. Ph&aacute;t hiện chốt đo nồng độ cồn, nhiều t&agrave;i xế kh&ocirc;ng đội mũ bảo hiểm quay đầu xe bỏ chạy.</figcaption>\r\n</figure>', 'Báo Tuổi Trẻ', 'https://tuoitre.vn/', 58, 3, 'Đã xuất bản', '', '2020-08-07 07:11:00', 1, 0);
INSERT INTO `posts` VALUES (4, 'Nguy cơ ngừng hoạt động vì nợ tiền thuê đất hàng trăm tỉ đồng, Thảo cầm viên Sài Gòn nói gì?', 1, 1, 4, '2024-12-10 10:45:50', 'Với việc đứng trước nguy cơ bị truy thu gần 800 tỉ đồng tiền nợ thuê đất, Thảo cầm viên Sài Gòn có nguy cơ phải ngừng hoạt động vì không đủ kinh phí.', '<p><img src=\"https://cdn.tuoitre.vn/471584752817336320/2024/12/10/base64-17338030130371814457387.jpeg\" /></p>\r\n<p><em>Người dân đến vui chơi tại Thảo cầm viên Sài Gòn - Ảnh: LÊ PHAN</em></p>\r\n<p>&nbsp;</p>\r\n<p>Trao đổi với <em>Tuổi Trẻ Online</em> sáng 10-12, bà Vũ Thị Hương Giang - Giám đốc Thảo Cầm Viên Sài Gòn, cho biết đơn vị đang rất lo lắng trước vấn đề trên.</p>\r\n<p>Vốn là doanh nghiệp <em>&ldquo;không hoạt động vì mục đích lợi nhuận&rdquo;</em>, với chức năng chính là quản lý vườn thú cổ 160 năm tuổi, chăm sóc nhiều động vật và thực vật quý hiếm, bà Giang chia sẻ: <em>&ldquo;Đơn vị đang gặp câu chuyện khó về chức năng. Lý do bởi doanh nghiệp cũng không phải doanh nghiệp mà đơn vị bảo tồn cũng không phải. Chúng tôi hoạt động không vì mục tiêu lợi nhuận nhưng chịu tiền thuế đất mỗi năm hơn trăm tỉ đồng là rất khó.&rdquo;</em></p>\r\n<div class=\"light-img\">\r\n<figure data-src=\"https://img.nhandan.com.vn/Files/Images/2020/08/11/TTr_Thanh1-1597139015473.jpg\" data-sub-html=\".img-cap\"><img src=\"https://cdn.tuoitre.vn/471584752817336320/2024/12/10/base64-17338030130651592354881.jpeg\" alt=\"\" />\r\n<figcaption class=\"img-cap\"><em>Thảo cầm viên Sài Gòn là nơi bảo tồn hơn 2.000 động vật, 900 loài thực vật. Nơi đây gắn bó với rất nhiều thế hệ người dân TP.HCM - Ảnh: PHƯƠNG QUYÊN</em></figcaption>\r\n</figure>\r\n</div>\r\n<p>Lý giải rõ hơn về việc nợ thuế, bà Giang cho biết năm 2014, nơi này được UBND TP.HCM ký quyết định cho thuê đất với diện tích <strong>158.117m²</strong>, sử dụng vào mục đích công cộng theo chế độ trả tiền hằng năm, thời hạn 50 năm.</p>\r\n<p>Chi cục Thuế quận 1 đã thông báo tiền thuế đất trên toàn bộ diện tích kể trên, với tổng số tiền mỗi năm là <strong>163,3 tỉ đồng</strong>.</p>\r\n<p>Tuy nhiên, phần dùng để kinh doanh chỉ chiếm diện tích rất nhỏ (khoảng <strong>5.600m²</strong>) và Thảo Cầm Viên Sài Gòn đã đóng tiền hằng năm. Còn phần diện tích còn lại hoàn toàn sử dụng vào công tác bảo tồn.</p>\r\n<p>Với mức tiền thuế như trên, bà Giang cho biết: <em>&ldquo;Sẽ khiến giá vé bị tăng lên rất cao, ảnh hưởng tới người dân đến vui chơi. Đồng thời kinh phí chăm sóc, nuôi dưỡng, bảo tồn động, thực vật cũng không còn. Thảo Cầm Viên Sài Gòn sẽ có nguy cơ dừng hoạt động.&rdquo;</em></p>\r\n<p>Bà Giang chia sẻ thêm rằng vừa qua UBND TP.HCM đã chủ trì cuộc họp với các đơn vị liên quan để gỡ vướng cho đơn vị. Hiện tại, Thảo Cầm Viên Sài Gòn đang đợi kết luận từ UBND TP.HCM.</p>\r\n<p>Tuy nhiên, bà nhấn mạnh: <em>&ldquo;Căn cơ nhất là cần phải điều chỉnh quyết định thuê đất để giải quyết được gốc rễ vấn đề.&rdquo;</em></p>\r\n\r\n<div class=\"contref thumbnail\">\r\n<ul>\r\n<li>&nbsp;</li>\r\n</ul>\r\n</div>', 'Báo Tuổi Trẻ', 'https://tuoitre.vn/', 5, 3, 'Đã xuất bản', '', '2020-08-06 19:50:00', 0, 0);
INSERT INTO `posts` VALUES (5, 'Người miền Tây ăn cơm trộn trái cây, món quốc dân thiếu chịu không nổi', 2, 5, 4, '2024-12-09 13:38:20', 'Cơm chuối, dưa hấu, xoài, mận... nghe có vẻ lạ lẫm, nhưng về miền Tây lại là \'món quốc dân\', thiếu chịu không nổi, nuốt không trôi.', '<p><img src=\"https://cdn.tuoitre.vn/471584752817336320/2024/12/10/base64-1733814294989548416515.jpeg\" /></p>\r\n<p><em>Đặc sản miền Tây cơm trộn trái cây làm bao người hoang mang khi nghe đến - Ảnh: ĐĂNG KHƯƠNG</em></p>\r\n<p>Không ít người tỏ ra khó hiểu khi nghe món cơm trộn trái cây. Nhưng với dân miền Tây, cứ hễ nghe đến cơm trộn chuối, dưa hấu, xoài... là tuổi thơ ùa về.</p>\r\n<p>Cách kết hợp đa dạng, độc lạ xứ miệt vườn như thế tạo ra bức tranh màu sắc bắt mắt nhưng không kém phần \"hao cơm\".</p>\r\n\r\n<h2><strong>Cơm chuối, dưa hấu, xoài nghe \"ngon nhức nách\"</strong></h2>\r\n<p>Những loại trái cây \"hao cơm\" ở miền Tây nhiều vô kể, đặc biệt là ba món gần như nhà nhà đều có: dưa hấu, chuối, xoài.</p>\r\n<p>Cơm trộn dưa hấu dễ bắt gặp trong bữa ăn thường ngày ở vùng sông nước Tây Nam Bộ.</p>\r\n\r\n<p><img src=\"https://cdn.tuoitre.vn/471584752817336320/2024/12/10/base64-17338142950201843985932.jpeg\" /></p>\r\n<p><em>Cơm trộn dưa hấu thanh mát, ngọt ngọt được nhiều người yêu thích - Ảnh: ĐĂNG KHƯƠNG</em></p>\r\n<p>Hiện, trung b&igrave;nh một ng&agrave;y tiệm anh b&aacute;n được hơn 1.000 ổ, v&agrave; số lượng dự kiến sẽ tăng th&ecirc;m do ng&agrave;y c&agrave;ng c&oacute; th&ecirc;m nhiều kh&aacute;ch h&agrave;ng.</p>\r\n<div id=\"sas_44269_container\">\r\n<div id=\"sas_44269\"></div>\r\n</div>\r\n\r\n<p>Dưa hấu được ưa chuộng vì dễ mua ở các khu chợ, giá rẻ. Những trái dưa mọng nước, ngọt thanh nên ăn cùng cơm sẽ tạo cảm giác thanh mát, \"nuốt trôi\" hơn.</p>\r\n<p>Khi đi mua, các bà, các mẹ thường lựa những quả vỏ láng bóng, căng tròn và sọc đậm, đặc biệt cuống dưa xoăn, héo sẽ càng ngon. Theo \"kinh nghiệm đi chợ\", quả dưa có những đặc điểm trên thường ngọt và ít hạt hơn.</p>\r\n\r\n<p><img src=\"https://cdn.tuoitre.vn/471584752817336320/2024/12/10/base64-1733814295049565226229.jpeg\" /></p>\r\n<p><em>Chuối xuất hiện nhiều ở các tỉnh miền Tây, thường được ưa chuộng để ăn cùng cơm - Ảnh: ĐĂNG KHƯƠNG</em></p>\r\n<p>Trong một trang ẩm thực trên Facebook, nhiều người cho rằng không nói về cơm chuối là một thiếu sót.</p>\r\n<p>Một số dân miền Tây gọi cơm chuối như \"món quốc dân\" vì cây chuối phổ biến, dễ bắt gặp ở vùng sông nước này.</p>\r\n<p>Người ăn thường lựa chuối xiêm (chuối sứ) chín. Chuối ăn cùng cơm sẽ mềm, có vị ngọt, đôi khi chua nhẹ giúp mâm cơm lạ miệng và \"ngon nhức nách\".</p>\r\n\r\n<p>Với những tô cơm xoài vàng bắt mắt, dân miền Tây thường lựa những trái vừa chín tới, không quá sống hay quá chín để giữ vị tươi ngon.</p>\r\n<p>Xoài được \"tuyển chọn\" phải vàng, căng mịn. Một cách phân biệt khác là cuống xoài nhấn xuống hơi mềm. Hai loại xoài thường xuất hiện trong mâm cơm dân dã này là xoài cát Hòa Lộc và xoài cát chu.</p>\r\n\r\n<p>Nếu là xoài xanh, dân miền Tây cũng linh hoạt chế biến. Điển hình là bào thành sợi để ăn cùng các món như khô, cá chiên, thịt kho. Xoài xanh thường lựa chọn những trái cuống còn mủ, vỏ xanh không quá đậm hoặc nhạt.</p>\r\n<p>Để cơm độn xoài \"kích thích\" hơn, không thể thiếu một số nước chấm như mắm đường, ớt cay. Ngoài ra, một số món cơm trái cây khác khiến nhiều khách du lịch trầm trồ khi đến miền Tây như cơm chan nước dừa, cơm bơ, cơm mận...</p>\r\n\r\n<h2><strong>Thịt cá nhiều, nhưng có cơm trộn trái cây nuốt mới trôi</strong></h2>\r\n<p>\"Trước giờ tưởng trái cây chỉ dùng để tráng miệng\"; \"Trái cây ăn cùng cơm thật hả?\"; \"Chưa nghĩ được vị ra sao\" - một số người dùng TikTok thắc mắc. Lý do món cơm này phổ biến ở miền Tây là do đây là xứ miệt vườn. Mỗi nhà thường trồng vài loại cây ăn quả hoặc có thể mua giá rẻ.</p>\r\n<p>Việc kết hợp hai thành phần \"độc lạ miền Tây\" như thế đáp ứng được nhu cầu sinh hoạt của bà con nơi đây.</p>\r\n\r\n<p>Một số lời truyền miệng khác cho rằng cách ăn như vậy là do lúc trước miền Tây còn nghèo, nên ăn trái cây với cơm để tiết kiệm. Từ đó sinh ra tên gọi \"cơm độn trái cây\".</p>\r\n\r\n<p>Trên Facebook, bạn Sơn Nguyễn chia sẻ:</p>\r\n<blockquote>\r\n<p>\"Do người miền Tây quen ăn cái gì cũng phải ngọt như chè, nên mới ăn cùng những trái cây ngọt như thế\".</p>\r\n</blockquote>\r\n\r\n<p>\"Nói miền Tây thiếu thốn cá thịt thì không đúng. Cá tôm đầy đồng nhưng bà con ngại chế biến thôi. Trời nóng mà còn nổi lửa nấu nướng thì nhọc. Cắt trái cây ra ăn cùng là nhanh nhất\" - bạn Minh Tu Do viết. Bạn Thiên Thanh cũng hài hước nói:</p>\r\n<blockquote>\r\n<p>\"Ai nói gì nói, tôi ăn cơm với thịt mà thiếu chuối già thì nuốt không trôi\".</p>\r\n</blockquote>\r\n\r\n<p>Mặc dù có nhiều lời truyền miệng khác nhau về sự ra đời của cơm trái cây, nhưng nhìn chung, cơm trái cây gần như là \"món ăn quốc dân\", \"thiếu chịu không nổi\" trong những bữa cơm thường ngày của dân miền Tây.</p>', 'Báo Tuổi Trẻ', 'https://tuoitre.vn/', 12, 3, 'Đã xuất bản', '', '2020-08-07 19:32:00', 0, 0);
INSERT INTO `posts` VALUES (6, 'Chạy quá tốc độ, chủ ô tô đề nghị công an gỡ cảnh báo do ‘chở lãnh đạo tỉnh’', 1, 2, 4, '2024-11-30 12:16:40', 'Phòng cảnh sát giao thông Công an tỉnh Bình Thuận vừa phúc đáp kiến nghị của Công ty TNHH MTV XD Phước Điền ở tỉnh An Giang, về việc chiếc ô tô của công ty chạy quá tốc độ trên quốc lộ 1 qua tỉnh Bình Thuận.', '<p><img src=\"https://cdn.tuoitre.vn/thumb_w/1200/471584752817336320/2024/11/30/xe-qua-toc-do-17329421251751606424767.jpg\" /></p>\r\n<p><em>Chiếc ô tô vi phạm tốc độ qua hệ thống camera giám sát đặt ở quốc lộ 1, tỉnh Bình Thuận</em></p>\r\n\r\n<p>Cụ thể, ông P.T.V. - đại diện Công ty TNHH MTV XD Phước Điền - vừa kiến nghị đến Phòng cảnh sát giao thông Công an tỉnh Bình Thuận gỡ cảnh báo, hoặc xác nhận xe ô tô biển số 67A - 183… của công ty không vi phạm hành chính (chạy quá tốc độ) để được đăng kiểm.</p>\r\n\r\n<p>Theo kiến nghị, trước đó ngày 20-11, công ty đưa xe ô tô trên đến đăng kiểm thì bị từ chối. Lý do là Cục Đăng kiểm nhận cảnh báo từ Phòng cảnh sát giao thông Công an tỉnh Bình Thuận từ năm 2022.</p>\r\n\r\n<p>Công ty cho rằng qua tra cứu trên hệ thống trong khoảng năm 2022 không nhận cảnh báo từ Phòng cảnh sát giao thông Công an Bình Thuận.</p>\r\n\r\n<p>\"Tuy nhiên, đối chiếu lịch trình của xe và nội dung cảnh báo theo công văn của Phòng cảnh sát giao thông Công an tỉnh Bình Thuận thì năm 2022 xe có tham gia chở đoàn công tác lãnh đạo tỉnh An Giang và Bình Thuận, có xe của cảnh sát giao thông dẫn đường. Đi cùng đoàn công tác có nhiều xe mang biển số màu xanh\", trích kiến nghị của công ty.</p>\r\n\r\n<p>Do đó, công ty kính đề nghị Phòng cảnh sát giao thông Công an tỉnh Bình Thuận xem xét có ý kiến đề nghị cơ quan đăng kiểm gỡ cảnh báo hoặc xác nhận không vi phạm để được đăng kiểm theo quy định.</p>\r\n\r\n<p>Phúc đáp kiến nghị trên, Phòng cảnh sát giao thông Công an tỉnh Bình Thuận cho rằng thông báo đã được chuyển phát thành công đến công ty ngày 14-10-2022 qua đường bưu điện.</p>\r\n\r\n<p>Chiếc ô tô trên đã chạy với tốc độ 83km/h tại Km 1762 + 150 quốc lộ 1 qua tỉnh Bình Thuận lúc 9h47 ngày 28-9-2022 theo hướng Nam - Bắc.</p>\r\n\r\n<p>Trong khi đoạn đường này chỉ cho phép chạy với tốc độ tối đa 50km/h. Như vậy, chiếc ô tô trên đã vi phạm tốc độ theo quy định từ 20 đến dưới 35km/h.</p>\r\n\r\n<h3><strong>Xe biển xanh vi phạm cũng phải đóng phạt</strong></h3>\r\n<p><img src=\"https://cdn.tuoitre.vn/thumb_w/1200/471584752817336320/2024/10/23/xe-bien-so-xanh-qua-toc-do-17296531180321486857678.jpg\" /></p>\r\n<p><em>Camera giám sát đặt trên quốc lộ 1 phát hiện một chiếc ô tô biển số xanh ở tỉnh Bình Thuận chạy quá tốc độ 12 lần - Ảnh: ĐỨC TRONG</em></p>\r\n\r\n<p>Không chỉ riêng xe biển trắng, hệ thống camera giám sát đặt trên quốc lộ 1 còn phát hiện xe biển số xanh vi phạm tốc độ.</p>\r\n\r\n<p>Cụ thể, một chiếc ô tô mang biển số xanh thuộc Ban quản lý Khu bảo tồn Hòn Cau, tỉnh Bình Thuận vi phạm quá tốc độ 12 lần thông qua hệ thống camera giám sát đặt trên quốc lộ 1.</p>\r\n\r\n<p>Khi tài xế xe biển xanh trên mang 2 thông báo vi phạm đến thực hiện việc đóng phạt, cán bộ cảnh sát giao thông Công an tỉnh Bình Thuận tra cứu biển số xanh của chiếc ô tô này và phát hiện thêm 10 lần vi phạm quá tốc độ trước đó.</p>\r\n\r\n<p>Cán bộ cảnh sát giao thông giải thích với tài xế phải đóng phạt hết 12 lỗi vi phạm như trên mới đăng kiểm được trở lại, không riêng gì 2 lần nhận thông báo này.</p>\r\n\r\n<p>Theo đại diện Phòng cảnh sát giao thông Công an tỉnh Bình Thuận, hệ thống camera giám sát trên quốc lộ 1 ghi nhận hết các loại xe, không loại trừ biển số màu gì hay của đơn vị nào. Sau khi phát hiện các lỗi vi phạm thông qua hệ thống camera giám sát, đơn vị sẽ gửi thông báo phạt nguội đến chủ sở hữu.</p>\r\n\r\n<p>\"Nếu những chiếc xe đi thực hiện nhiệm vụ khẩn cấp như trấn áp tội phạm, cứu hộ lũ lụt, đưa người đi cấp cứu… thì chủ sở hữu phải chứng minh để đơn vị xem xét gỡ bỏ. Còn những chiếc xe đi công tác bình thường, dù là biển số xanh thì vẫn xử phạt bình đẳng như các loại xe khác\", đại diện Phòng cảnh sát giao thông Công an Bình Thuận giải thích.</p>', 'Báo Tuổi Trẻ', 'https://tuoitre.vn/', 68, 3, 'Đã xuất bản', '', '2020-08-09 23:10:00', 0, 0);
INSERT INTO `posts` VALUES (7, 'Lái ô tô chở hàng chục người trên cao tốc, tài xế thản nhiên dùng điện thoại', 1, 2, 4, '2024-12-05 05:19:49', 'Lái xe giường nằm trên cao tốc Hà Nội - Ninh Bình, anh K. điều khiển vô lăng xe bằng khuỷu tay, hai bàn tay sử dụng điện thoại.', '<p><img src=\"https://cdn.tuoitre.vn/thumb_w/1200/471584752817336320/2024/11/30/xe-qua-toc-do-17329421251751606424767.jpg\" /></p>\r\n<p><em>Tài xế dùng khuỷu tay lái xe, trong khi 2 bàn tay sử dụng điện thoại - Ảnh: H.Q.</em></p>\r\n\r\n<p>Ngày 5-12, Đội tuần tra kiểm soát giao thông số 3 (Cục Cảnh sát giao thông) cho biết đã lập biên bản xử phạt đối với tài xế ô tô khách lái xe bằng khuỷu tay, đồng thời sử dụng điện thoại.</p>\r\n\r\n<p>Tài xế này là N.X.K. (sinh năm 1982, quê Nghi Lộc, Nghệ An).</p>\r\n\r\n<p>Cảnh sát xác định hồi 16h07 ngày 3-12, anh K. cầm lái ô tô khách giường nằm trên cao tốc Hà Nội - Ninh Bình - Thanh Hóa (hướng đi Thanh Hóa). Lúc này, nam tài xế điều khiển vô lăng xe bằng khuỷu tay, hai bàn tay sử dụng điện thoại.</p>\r\n\r\n<p><iframe src=\"https://tuoitre.vn/lai-o-to-cho-hang-chuc-nguoi-tren-cao-toc-tai-xe-than-nhien-dung-dien-thoai-20241205124307128.htm\" width=\"560\" height=\"315\" frameborder=\"0\" allowfullscreen></iframe></p>\r\n\r\n<p><em>Ớn lạnh tài xế chở khách trên cao tốc, lái bằng khuỷu tay, hai bàn tay bấm điện thoại</em></p>\r\n\r\n<p>Đội tuần tra kiểm soát giao thông số 3 xác định anh N.X.K. vi phạm 2 lỗi: dùng tay sử dụng điện thoại di động khi đang điều khiển xe chạy trên đường và không thắt dây an toàn khi đang lái xe.</p>\r\n\r\n<p>Với 2 hành vi trên, nam tài xế sẽ bị phạt 2,4 triệu đồng và tước bằng lái 2 tháng.</p>\r\n\r\n<p><img src=\"https://cdn.tuoitre.vn/thumb_w/800/471584752817336320/2024/12/5/screen-shot-2024-12-05-at-123256-1733376797049670382522.png\" /></p>\r\n<p><em>Thời điểm này trên ô tô có hàng chục hành khách - Ảnh: H.Q.</em></p>\r\n\r\n<p>Theo đại diện Cục Cảnh sát giao thông, thời điểm nam tài xế thực hiện hành vi trên có hàng chục hành khách ở phía sau. Đây là lỗi vi phạm có tính chất cố ý, thể hiện sự coi thường tính mạng của tài xế.</p>\r\n\r\n<p>\"Các vụ tai nạn nghiêm trọng thời gian gần đây hầu hết đều xuất phát từ ý thức, trách nhiệm của người lái xe khi tham gia giao thông, nhất là trên các tuyến cao tốc\", vị này cho biết.</p>', 'Báo Tuổi Trẻ', 'https://tuoitre.vn/', 16, 1, 'Bị từ chối', 'Khong thich duyet :D', NULL, 0, 0);
INSERT INTO `posts` VALUES (9, 'Công viên logistics 3.300 tỉ sắp khai trương tại Lạng Sơn', 1, 1, 3, '2024-12-10 19:02:12', 'Công viên logistics giáp Trung Quốc được đầu tư gần 3.300 tỉ đồng có cổng thông minh, drone giao hàng tự động...', '<p><img src=\"https://cdn.tuoitre.vn/thumb_w/800/471584752817336320/2024/12/10/cong-vien-logistics-lang-son-giap-trung-quoc1-1733826067326781648175.jpg\" /></p>\r\n<p><em>Ông Hoàng Trung Thành - tổng giám đốc Viettel Post - Ảnh: HÀ QUÂN</em></p>\r\n\r\n<p>Chiều 10-12, Viettel Post tổ chức buổi workshop thông tin về lễ khai trương Công viên Logistics Viettel tại tỉnh Lạng Sơn vào sáng mai 11-12.</p>\r\n\r\n<h3>Đau xót khi nông sản gánh nhiều chi phí</h3>\r\n<p>Công viên Logistics Viettel rộng trên 143ha, tổng đầu tư gần 3.300 tỉ đồng, cách biên giới Việt Nam - Trung Quốc khoảng 5km, nhằm rút ngắn thời gian thông quan hàng hóa, giảm chi phí nông sản...</p>\r\n\r\n<p>Theo ông Hoàng Trung Thành - tổng giám đốc Viettel Post, nông sản Việt Nam xuất khẩu sang Trung Quốc có yêu cầu khắt khe, thời gian đi cùng lợi nhuận.</p>\r\n\r\n<p>Nếu vận chuyển trong thời tiết nắng nóng 35 - 40 độ C thì thời gian bảo quản giảm xuống, thông quan chậm sẽ giảm giá trị sản phẩm. Qua thống kê, tổng thời gian chờ bến bãi rồi khai báo ở Việt Nam thường mất từ 2-3 ngày và sang Trung Quốc cũng 2-3 ngày, tổng cộng phải 4-5 ngày.</p>\r\n\r\n<p>Ông chia sẻ rất đau xót khi nông sản Việt gánh quá nhiều chi phí.</p>\r\n\r\n<p>Ví dụ, xe chở sầu riêng trồng từ Tây Nguyên hay Đồng bằng sông Cửu Long có giá trị 2-3 tỉ đồng/xe hàng phải chịu chi phí logistics 70 - 100 triệu đồng/xe.</p>\r\n\r\n<p>Xe chở thanh long, dưa hấu khi mất giá chỉ khoảng 200 - 300 triệu đồng/xe cũng gánh chi phí logistics tương tự.</p>\r\n\r\n<p>\"Chi phí logistics chúng ta đang bỏ ra rất lớn, do vậy Viettel rất muốn cùng các doanh nghiệp chung tay giải quyết vấn đề\", ông nói.</p>\r\n\r\n<p>Cũng theo ông, chi phí cất lấy hàng hóa ở Công viên Logistics Viettel giảm rất nhiều khi áp dụng công nghệ, robot, xe tự hành, quản lý vận tải, cổng thông minh, chẳng hạn chi phí lưu trữ giảm 30-40%.</p>\r\n\r\n<p>“Công viên Logistics Viettel có thể xử lý thông quan đến 1.500 xe/ngày, góp phần nâng cao năng lực thông quan tại khu vực cửa khẩu Lạng Sơn gấp đôi so với hiện tại”, ông nói.</p>\r\n\r\n<p><img src=\"https://cdn.tuoitre.vn/thumb_w/800/471584752817336320/2024/12/10/cong-vien-logistics-lang-son-giap-trung-quoc2-17338260673301019574532.jpg\" /></p>\r\n<p><em>Công viên Logistics Viettel tại tỉnh Lạng Sơn đang hoàn thiện - Ảnh: HÀ QUÂN</em></p>\r\n\r\n<h3>Drone giao hàng tự động</h3>\r\n<p>Sau Công viên Logistics Lạng Sơn, tổng công ty này dự tính có thêm các trung tâm logistics ở nơi có cửa khẩu đường bộ, vùng nuôi trồng, khu công nghiệp trọng điểm hoặc trung tâm giao dịch, phân phối nông sản ở Hà Nội, Hưng Yên…</p>\r\n\r\n<p>Lãnh đạo Viettel Post tiết lộ thêm tổng công ty đang phối hợp với đối tác phía Trung Quốc để hợp tác công nghệ, tính toán phương án kinh doanh, thúc đẩy trung tâm triển lãm, giao dịch và livestream nông sản.</p>\r\n\r\n<p>Công viên Logistics Lạng Sơn đã quy hoạch khoảng 8ha để làm ga đường sắt trong tương lai, hỗ trợ khi lượng hàng hóa tăng đột biến. Ngoài bến bãi, công viên còn có các khu ký túc xá, nhà hàng, hệ thống gara bảo dưỡng.</p>\r\n\r\n<p>Còn ông Lê Tuấn Anh - phó tổng giám đốc Viettel Post - cho hay Công viên Logistics Viettel có cổng thông minh (smart gate) phân luồng xe, xử lý hình ảnh và nhận diện biển số xe, mã container, sinh trắc học tài xế bằng AI, tăng tốc độ xử lý phương tiện và thông quan hàng.</p>\r\n\r\n<p>Còn khu xử lý hàng thương mại điện tử và hàng chuyển phát nhanh sử dụng robot tự hành (AGV). Đặc biệt, các drone giao hàng tự động cũng được áp dụng.</p>\r\n\r\n<p>Đơn vị này sẽ phối hợp kết nối phần cứng, phần mềm giúp các lực lượng như biên phòng, hải quan, kiểm dịch kiểm soát thông tin, đảm bảo an ninh mạng, bí mật dữ liệu.</p>\r\n\r\n', 'Báo Tuổi Trẻ', 'https://tuoitre.vn/', 2, 1, 'Bị từ chối', 'Từ chối bài viết', NULL, 0, 0);
INSERT INTO `posts` VALUES (10, 'Tài xế xe biển xanh đi ngược chiều trong sân bay Đà Nẵng bị lập biên bản', 1, 2, 3, '2024-12-16 13:46:25', 'Chiếc xe biển xanh của Cảng vụ Hàng không Miền Trung đi ngược chiều trong sân bay Đà Nẵng bị ghi hình đưa lên mạng.', '<p><img src=\"https://cdn.tuoitre.vn/thumb_w/730/471584752817336320/2024/12/5/5-12-tai-xe-xe-di-nguoc-chieu-17333747919271055670332.jpg\" alt=\"Xe ô tô biển xanh đi ngược chiều trong khu vực sân bay - Ảnh cắt từ clip\" /></p>\r\n<p>Ngày 5-12, Cảng vụ Hàng không Miền Trung cho biết sẽ có báo cáo liên quan đến việc xe của đơn vị đi ngược chiều trong sân bay bị lập biên bản xử phạt.</p>\r\n\r\n<p>Trước đó, trên mạng xã hội xuất hiện clip một xe biển số xanh chạy ngược chiều trên đường dẫn vào sân bay Đà Nẵng.</p>\r\n\r\n<p>Tiếp nhận thông tin, chiều 4-12 Đội CSGT - trật tự Công an quận Hải Châu (Đà Nẵng) đã mời tài xế điều khiển ô tô lên làm rõ.</p>\r\n\r\n<p>Theo xác minh của cơ quan chức năng, xe biển xanh BKS 43E-09XX thuộc Cảng vụ Hàng không Miền Trung do tài xế Q. (trú quận Liên Chiểu, Đà Nẵng) điều khiển.</p>\r\n\r\n<h3>Xe biển xanh của Cảng vụ Hàng không Miền Trung đi ngược chiều ở sân bay Đà Nẵng</h3>\r\n<p>Tài xế Q. thừa nhận điều khiển ô tô chạy ngược chiều trên đường Nguyễn Văn Linh, đoạn trước trạm thu phí vào sân bay Đà Nẵng.</p>\r\n\r\n<p>Đội CSGT - trật tự Công an quận Hải Châu đã lập biên bản vi phạm hành chính đối với tài xế Q. về lỗi \"Đi ngược chiều trên đường có biển cấm\". Đối với lỗi này, tài xế Q. đối mặt với mức phạt tiền 4 - 6 triệu đồng, tước quyền sử dụng giấy phép lái xe từ 2 - 3 tháng.</p>\r\n\r\n<p>Cảng vụ Hàng không Miền Trung cho biết sẽ có báo cáo cụ thể về trường hợp này và có hình thức xử lý kỷ luật đối với người liên quan vi phạm. Đồng thời sẽ chấn chỉnh tất cả lái xe trong cơ quan cũng như yêu cầu cán bộ, nhân viên khi sử dụng xe cá nhân phải chấp hành nghiêm quy định pháp luật.</p>', 'Báo Tuổi Trẻ', 'https://tuoitre.vn/', 1, 3, 'Đã xuất bản', '', '2020-08-16 13:52:00', 0, 0);
INSERT INTO `posts` VALUES (11, 'Nhiều lỗi giao thông được đề xuất tăng mức phạt hàng chục lần, tái phạm \'đánh võng\' sẽ bị thu xe', 1, 2, 3, '2024-12-16 13:48:00', 'Đại diện Cục Cảnh sát giao thông đánh giá đây là những hành vi nguy cơ rất cao gây ra tai nạn và cố ý xâm phạm trật tự an toàn giao thông. Do vậy mức phạt cần gia tăng để tạo tính răn đe tương xứng.', '<p><img src=\"https://cdn.tuoitre.vn/thumb_w/800/471584752817336320/2024/10/22/base64-1729566130805972715591.jpeg\" alt=\"Cảnh sát giao thông niêm phong một ô tô bị tạm giữ ở Hà Nội - Ảnh: HỒNG QUANG\" /></p>\r\n<p>Thông tin với Tuổi Trẻ Online ngày 22-10, đại diện Cục Cảnh sát giao thông (Bộ Công an) cho biết cơ quan này đang tham mưu xây dựng, hoàn thiện dự thảo nghị định quy định xử phạt vi phạm hành chính về trật tự, an toàn giao thông trong lĩnh vực giao thông đường bộ; trừ điểm, phục hồi điểm giấy phép lái xe.</p>\r\n\r\n<p>Dự thảo nghị định mới được xây dựng trong bối cảnh tình hình trật tự an toàn giao thông có chuyển biến tích cực, tai nạn được kiềm chế.</p>\r\n\r\n<p>Tuy nhiên, về tổng thể tình hình giao thông còn nhiều vấn đề đặt ra như: hạ tầng giao thông phát triển chưa tương ứng với nhu cầu, tổ chức giao thông còn nhiều bất cập; lượng phương tiện tăng cao mỗi năm với gần 500.000 ô tô cùng khoảng 2 triệu xe máy… theo Cục Cảnh sát giao thông.</p>\r\n\r\n<p>Đáng chú ý, ý thức 1 số người tham gia giao thông chưa cao, tình trạng vi phạm còn diễn ra phổ biến.</p>\r\n\r\n<p>Hệ quả là ùn tắc, vẫn còn những vụ tai nạn đặc biệt nghiêm trọng mà nguyên nhân do lỗi chủ quan của người lái xe…</p>\r\n\r\n<p>\"Để lập lại trật tự, đòi hỏi việc thực thi pháp luật phải nghiêm minh, đảm bảo tuyên truyền răn đe, chế tài phải mạnh để xử lý tương xứng với các hành vi vi phạm nhất là các hành vi cố ý xâm phạm trật tự an toàn giao thông\", vị lãnh đạo Cục Cảnh sát giao thông nói.</p>\r\n\r\n<p>Đồng thời đánh giá việc tăng mức xử phạt đối với một số hành vi là hoàn toàn cần thiết, đảm bảo tính nhân văn và nâng cao ý thức người lái xe, xây dựng môi trường văn hóa giao thông bình đẳng, văn minh.</p>\r\n\r\n<p>Trong lần cập nhật mới nhất, đơn vị soạn thảo đang dự kiến điều chỉnh tăng mức xử phạt đối với một số nhóm hành vi vi phạm liên quan đến vi phạm quy tắc giao thông trên đường cao tốc và một số nhóm hành vi vi phạm là nguyên nhân trực tiếp gây tai nạn giao thông.</p>\r\n\r\n\r\n<h3>Nhiều lỗi giao thông được đề xuất tăng mức phạt hàng chục lần, tái phạm \'đánh võng\' sẽ bị thu xe</h3>\r\n<p><img src=\"https://cdn.tuoitre.vn/thumb_w/800/471584752817336320/2024/10/12/untitled1d-1728715449009915620891.jpg\" alt=\"Lực lượng cảnh sát giao thông Đội Bàn Cờ xử phạt học sinh vi phạm - Ảnh: MINH HÒA\" /></p>\r\n\r\n<h4>Đối với ô tô</h4>\r\n<ul>\r\n  <li>Lùi xe trên đường một chiều, đường có biển cấm đi ngược chiều: mức phạt cũ 800.000 - 1 triệu đồng; dự kiến mức phạt mới là 9-11 triệu đồng.</li>\r\n  <li>Đi vào khu vực cấm, đường cấm: mức phạt cũ 2-3 triệu đồng; dự kiến mức phạt mới 4-6 triệu đồng.</li>\r\n  <li>Dừng, đỗ, quay đầu xe gây ùn tắc giao thông; quay đầu xe trong hầm đường bộ; vượt không đúng quy định: mức phạt cũ 2-3 triệu đồng; dự kiến mức phạt mới 8-12 triệu đồng.</li>\r\n  <li>Vận chuyển hàng trên xe không chằng buộc chắc chắn gây ảnh hưởng đến trật tự an toàn giao thông: mức phạt cũ từ 600.000 - 800.000 đồng; dự kiến mức phạt mới từ 18-22 triệu đồng.</li>\r\n  <li>Chở hàng vượt quá chiều cao: mức phạt cũ 2-3 triệu đồng, dự kiến mức phạt mới từ 8-12 triệu đồng.</li>\r\n  <li>Mua bán biển số trái quy định: mức phạt cũ từ 10-12 triệu đồng; dự kiến mức phạt mới 48-52 triệu đồng.</li>\r\n  <li>Điều khiển ô tô không gắn đủ biển số, che dán biển số, gắn biển số giả: mức phạt cũ 4-6 triệu đồng; dự kiến mức phạt mới 48-52 triệu đồng.</li>\r\n  <li>Quay đầu xe trái quy định: mức phạt cũ 600.000 - 800.000 đồng; dự kiến mức phạt mới 6-8 triệu đồng.</li>\r\n  <li>Không chấp hành hiệu lệnh chỉ dẫn của người điều khiển giao thông: mức phạt cũ từ 4-6 triệu đồng; dự kiến mức phạt mới 8-10 triệu đồng.</li>\r\n  <li>Rải đinh, vật sắc nhọn: mức phạt cũ 4-6 triệu đồng; dự kiến mức phạt mới từ 48-52 triệu đồng.</li>\r\n  <li>Vượt đèn đỏ: mức phạt cũ 4-6 triệu đồng; dự kiến mức phạt mới 9-11 triệu đồng.</li>\r\n  <li>Giao xe cho người không đủ điều kiện: mức phạt cũ từ 4-6 triệu đồng; dự kiến mức phạt mới 28-30 triệu đồng.</li>\r\n  <li>Tịch thu phương tiện đối với hành vi tái phạm lạng lách, đánh võng.</li>\r\n</ul>\r\n\r\n<h4>Đối với xe máy</h4>\r\n<ul>\r\n  <li>Vượt đèn đỏ: mức phạt cũ 800.000 - 1 triệu đồng; mức phạt mới dự kiến 4-6 triệu đồng.</li>\r\n  <li>Giao xe cho người không đủ điều kiện: mức phạt cũ 600.000 - 800.000 đồng; dự kiến mức phạt mới 8-10 triệu đồng.</li>\r\n</ul>\r\n\r\n<p>\"Đây là những hành vi nguy cơ rất cao gây ra tai nạn và cố ý xâm phạm trật tự an toàn giao thông. Do vậy mức xử phạt cần gia tăng để tạo tính răn đe tương xứng\", theo đại diện Cục Cảnh sát giao thông.</p>\r\n\r\n<p>- Tịch thu phương tiện đối với hành vi tái phạm lạng lách, đánh võng.</p>', 'Báo Tuổi Trẻ', 'https://tuoitre.vn/', 0, 3, 'Đã xuất bản', '', '2020-08-17 13:51:00', 0, 0);
INSERT INTO `posts` VALUES (12, 'Xe con bẹp dúm sau tai nạn liên hoàn trên cao tốc Hà Nội - Hải Phòng', 1, 2, 3, '2024-12-16 13:50:06', 'Tai nạn liên hoàn giữa 3 phương tiện trên đường cao tốc Hà Nội - Hải Phòng làm 2 người bị thương, 1 phương tiện hư hỏng.', '<p><img src=\"https://cdn.tuoitre.vn/thumb_w/730/471584752817336320/2024/12/7/edit-tai-nan-cao-toc-ha-noi-hai-phong-17335517358041266013455.jpeg\" alt=\"Hiện trường vụ tai nạn liên hoàn trên đường cao tốc Hà Nội - Hải Phòng - Ảnh: M.H\" /></p>\r\n<p>&nbsp;</p>\r\n<p>Thông tin từ Ban quản lý khai thác cao tốc Hà Nội - Hải Phòng cho biết tối 6-12 xảy ra vụ tai nạn liên hoàn giữa 2 ô tô và 1 xe đầu kéo làm 2 người bị thương, 1 phương tiện hư hỏng.</p>\r\n\r\n<p>Theo đó, khoảng 20h15 ngày 6-12, tại Km50+400 hướng Hà Nội - Hải Phòng, thuộc địa phận xã Gia Khánh (huyện Gia Lộc, tỉnh Hải Dương), xảy ra va chạm liên hoàn giữa 3 phương tiện gồm ô tô biển số 15A-292XX, 30K-78XXX và xe đầu kéo 15C-028XX kéo theo rơ moóc 15R-103XX.</p>\r\n\r\n<p>Vụ va chạm làm 2 người bị thương nhẹ, 1 ô tô bị hư hỏng. Ngay sau vụ việc xảy ra, Ban quản lý khai thác cao tốc Hà Nội - Hải Phòng đã thông báo tới cơ quan chức năng và phối hợp điều tra nguyên nhân, xử lý theo quy định pháp luật.</p>\r\n\r\n<p>Thời gian gần đây, trên đường cao tốc Hà Nội - Hải Phòng xảy ra nhiều vụ tai nạn đáng tiếc. Gần nhất khoảng 7h10 ngày 2-12, tại Km100+200 hướng Hải Phòng - Hà Nội thuộc địa phận phường Tràng Cát (quận Hải An, TP Hải Phòng), xe tải biển số 15C-290xx va chạm vào phía sau xe bồn 18C-070xx.</p>\r\n\r\n<p>Cú va chạm mạnh khiến cabin xe tải mắc vào rơ moóc và bị kéo sập xuống đường. Vụ việc khiến một người ngồi trong cabin bị thương, một người xây xước nhẹ.</p>\r\n\r\n<p>Trước đó khoảng 7h20 ngày 10-11-2024, tại Km68+050 cao tốc Hà Nội - Hải Phòng, đoạn qua địa phận xã Thanh Hồng, huyện Thanh Hà, tỉnh Hải Dương xảy ra vụ tai nạn giao thông liên hoàn giữa xe ô tô 15A-222xx, 15A-733xx và 14B-038xx.</p>\r\n\r\n<p>Vụ việc khiến 4 người bị thương, 3 phương tiện bị hư hỏng nặng.</p>', 'Báo Tuổi Trẻ', 'https://tuoitre.vn/', 0, 3, 'Đã xuất bản', '', '2020-08-16 22:33:00', 0, 0);
INSERT INTO `posts` VALUES (17, 'Tuyển dụng ghi \'lương thỏa thuận\' có mập mờ?', 3, 7, 4, '2024-12-16 22:16:25', '86% người lao động, nhất là nhóm lao động gen Z tại Mỹ, muốn thấy bản tin tuyển dụng ghi rõ thông tin thay vì \"lương thỏa thuận\". Các lao động trẻ Việt Nam nghĩ gì về điều này?', '<p><img src=\"https://cdn.tuoitre.vn/thumb_w/1200/471584752817336320/2024/12/6/ct-tuyen-dung-17334558277361936951432.jpg\" alt=\"Nhiều lao động gen Z nói không thích ứng tuyển vào các công ty mà tin tuyển dụng ghi \"lương thỏa thuận\" - Ảnh: C.TRIỆU\" /></p>\r\n\r\n<p>Số liệu trên được đơn vị thu thập dữ liệu Talker Research thực hiện tháng 10-2024 với khoảng 1.000 lao động Mỹ được hỏi. Đây cũng là thông tin rất được quan tâm, nhưng tại thị trường lao động Việt Nam lâu nay vẫn xem là \"điều tế nhị\".</p>\r\n\r\n<p>Thục Nhi (26 tuổi) từng làm phó phòng truyền thông một doanh nghiệp có cả trăm nhân sự tại TP.HCM nói doanh nghiệp có nhu cầu tuyển dụng ghi \"lương thỏa thuận\" tại Việt Nam không thiếu. \"Việc mập mờ mức lương khiến ứng viên có phần giảm hứng thú nộp đơn\", Nhi nói.</p>\r\n\r\n<p>Cô bạn cho biết thường né mấy công ty có thông tin tuyển dụng \"lương thỏa thuận\". Nhi thẳng thắn cho rằng cần công khai rõ ngay trên bản tin tuyển dụng về mức lương tối thiểu, tối đa vì \"chẳng ai đi làm vì đam mê cả mà họ đều phải cân nhắc lựa chọn bởi liên quan đến đời sống\".</p>\r\n\r\n<p>Một lao động thế hệ Z khác, bạn Trọng Khang (ở quận Tân Phú, TP.HCM) nói rất dị ứng với kiểu tuyển dụng mà mập mờ lương thưởng như vậy. Khang lập luận bất kỳ công ty nào cũng đều có sẵn khung lương tương ứng với từng vị trí công việc rồi sao phải giấu. Trong khi việc công khai mức lương trong tin tuyển dụng chính là động lực cho ứng viên quyết định có ứng tuyển hay không.</p>\r\n\r\n<p>Khang cũng thừa hiểu \"lương thỏa thuận\" là chiêu thức để các công ty thử tài tìm hiểu thị trường của ứng viên về khung lương khi ứng tuyển vị trí ấy. Nhưng việc đưa ra thông tin mức lương rõ ràng sẽ là cơ sở để thỏa thuận lương chính thức khi gặp gỡ và đỡ mất thời gian cho đôi bên. Tùy tình thế và ứng viên mà doanh nghiệp hoàn toàn có thể \"deal\" mức lương có lợi nhất cho họ.</p>\r\n\r\n<p>Tuy vậy, chuyên gia \"săn đầu người\" Huỳnh Thị Trang của một tập đoàn chuyên tìm kiếm, cung cấp giải pháp nhân sự tại TP.HCM chia sẻ dưới góc nhìn nhà tuyển dụng, việc ghi \"lương thỏa thuận\" giúp tránh sự cạnh tranh với các công ty cùng lĩnh vực. Việc không tiết lộ về lương giúp bảo mật thông tin của công ty về mức lương, quỹ lương thưởng.</p>\r\n\r\n<p>Đặc biệt, điều này giúp công ty giảm nguy cơ mất ứng viên tiềm năng vào tay các đối thủ cùng ngành. \"Việc đề \"lương thỏa thuận\" thường chỉ rơi vào các vị trí quan trọng và có mức lương dao động lớn. Vị trí càng cao lại càng phải ghi \"lương thỏa thuận\" để doanh nghiệp tìm được ứng viên chất lượng nhất cho vị trí đang cần\", chị Trang nói.</p>\r\n', 'Báo Tuổi Trẻ', 'https://tuoitre.vn/', 0, 3, 'Đã xuất bản', '', '2020-08-16 22:33:00', 0, 0);
INSERT INTO `posts` VALUES (18, 'Du học Úc có bắt buộc điểm môn lý, hóa trong học bạ?', 4, 11, 4, '2024-12-16 22:17:59', 'Một số giáo viên Việt Nam cho biết học sinh của mình bị từ chối hồ sơ du học vì thiếu điểm môn lý, hóa. Thực hư ra sao?', '<p><img src=\"https://cdn.tuoitre.vn/thumb_w/1200/471584752817336320/2024/11/28/du-hoc-uc-17327728668181007447483.jpg\" alt=\"Du học sinh tại Úc - Ảnh: NO BORDERS \" /></p>\r\n<p>Trong bài viết \"Lạc lối với môn học lựa chọn - Kỳ 1: Hệ lụy của \'chọn món trên mâm\'\" đăng tải trên Tuổi Trẻ Online ngày 27-11-2024, cô Nguyễn Thị Nhiếp, hiệu trưởng Trường THPT Chu Văn An (Hà Nội), chia sẻ rằng nhiều học sinh có ý định du học sau khi tốt nghiệp THPT đã bị các trường đại học nước ngoài từ chối hồ sơ vì không học môn lý, hóa ở cấp THPT.</p> \r\n\r\n<p>Cùng trong bài viết, GS Đỗ Đức Thái, tổng chủ biên chương trình môn toán 2018, cho biết rằng ở Úc, ít nhất 5 đại học lớn đã từ chối sinh viên không học lý, hóa ở cấp THPT.</p> \r\n\r\n<p>Để làm rõ vấn đề này, ngày 28-11, Tuổi Trẻ Online đã trao đổi với ông Phạm Hoàng Phúc - chuyên gia đến từ Công ty du học FIGO Group, đồng thời từng làm đại diện các trường Úc như Massey University, University of Adelaide College, University of Newcastle College, Kaplan Business School - giải thích thêm về câu chuyện này.</p> \r\n\r\n<p>Ông Phúc giải thích hầu hết các trường đại học vẫn chú trọng xét tuyển kết hợp các tiêu chí điểm tổng kết học bạ (GPA), năng lực tiếng Anh (dựa trên các kỳ thi năng lực ngôn ngữ quốc tế) cộng với các hoạt động ngoại khóa, dự án mà học sinh tham gia. GPA ở đây thường là điểm trung bình 3 năm phổ thông.</p> \r\n<p><img src=\"https://cdn.tuoitre.vn/thumb_w/1200/471584752817336320/2024/11/28/sinh-vien-du-hoc-uc-17327729990881919661889.jpg\" alt=\"Sinh viên quốc tế du học tại UWA - Ảnh: UWA\" /></p>\r\n<p>Chẳng hạn, Đại học Tây Úc (University of Western Australia - UWA), một trong tám trường đại học thuộc nhóm Go8 tại Úc, có các tiêu chí xét tuyển khác nhau tùy theo ngành học. Đối với đa số các nhóm ngành khối kinh tế, UWA chỉ yêu cầu GPA, IELTS và điểm SAT.</p> \r\n\r\n<p>Bên cạnh xét GPA tổng, một số trường, ngành có thể cần xét thêm một số điểm môn học thành phần, thường được gọi là môn tiên quyết. Ví dụ với các ngành thuộc khối kỹ sư hay khoa học máy tính, UWA yêu cầu học sinh phải hoàn thành 4 môn tiên quyết (prerequisites).</p> \r\n\r\n<p>Tương tự, Đại học Curtin (Curtin University) cũng áp dụng các yêu cầu về môn tiên quyết, nhưng chỉ giới hạn ở một số ngành học đặc thù. Như đối với ngành khoa học y sinh (biomedical science), trường yêu cầu học sinh phải có nền tảng vững chắc về môn hóa học.</p> \r\n\r\n<p>Ông Phúc cho biết các môn tiên quyết thường được các trường đại học xác định phải liên quan đến ngành học, đơn cử muốn học ngành hóa ở đại học, họ sẽ xét xem điểm hóa của học sinh ở bậc phổ thông. Việc đòi môn tiên quyết trái với lĩnh vực du học sinh mong muốn học thường rất hiếm, chẳng hạn muốn học kinh tế nhưng trường đại học lại đòi xem thêm điểm hóa, lý của học sinh.</p> \r\n\r\n<p>Ông Phúc ví dụ về một số trường hợp hiếm: Một số rất ít trường đào tạo ngành Business Analytic (phân tích kinh doanh) hay Supply Chain (chuỗi cung ứng) cũng có khả năng yêu cầu môn lý bên cạnh môn toán vì phòng tuyển sinh muốn thấy nền tảng tính toán đủ mạnh của học sinh. Hoặc bạn muốn học Supply Chain đi sâu vào chuyên ngành Process Engineering (kỹ thuật quy trình) thì có thể cần xét tới điểm môn hóa và lý, phục vụ cho hướng học tối ưu quy trình trong nhà máy (thuốc, hóa chất, thực phẩm) sau này. Nhưng tóm lại vẫn rất hy hữu.</p>\r\n<p>Nhìn chung, các đại học Úc vẫn đang áp dụng các tiêu chí xét tuyển đơn giản như xét tuyển dựa trên GPA và IELTS là trọng tâm đối với học sinh tốt nghiệp THPT tại Việt Nam. Đặc biệt, học sinh đến từ các trường chuyên thường được ưu tiên với mức điểm yêu cầu thấp hơn so với học sinh từ các trường không chuyên.</p>\r\n\r\n\r\n\r\n\r\n\r\n', 'Báo Tuổi Trẻ', 'https://tuoitre.vn/', 0, 3, 'Đã xuất bản', '', '2020-08-16 22:33:00', 0, 0);
INSERT INTO `posts` VALUES (19, 'Dự đoán tỉ số: Real Madrid khó vượt ải Atalanta', 5, 13, 4, '2024-12-16 22:19:03', 'Trong bối cảnh đang khủng hoảng, Real Madrid không dễ có 3 điểm khi hành quân đến sân Atalanta trong trận đấu tại Champions League lúc 3h ngày 11-12.', '<p><img src=\"https://cdn.tuoitre.vn/thumb_w/1200/471584752817336320/2024/12/10/atalanta-real-madrid-champions-league-173380050038717581825.jpg\" alt=\"Phong độ yếu kém thời gian qua khiến Real Madrid khó lòng giành chiến thắng trước Atalanta - Ảnh: REUTERS\" /></p>\r\n<p>Mùa giải năm nay, nhà đương kim vô địch Champions League đang gặp khó khăn trong phong độ thi đấu. Sau 5 trận đấu đầu tiên, Real Madrid chỉ giành được 2 chiến thắng, nhưng đã phải nhận đến 3 thất bại. Kết quả này khiến họ rơi xuống vị trí 24/36 đội, nằm ở khu vực cuối cùng dành cho một suất tranh play-off.</p>\r\n<p>Ở giải quốc nội, Real Madrid cũng đang gặp rất nhiều khó khăn sau những thất bại bất ngờ. Dù Barcelona liên tục mất điểm, nhưng đoàn quân của HLV Ancelotti vẫn không thể tận dụng cơ hội để vươn lên dẫn đầu bảng xếp hạng.</p> \r\n\r\n<p>Ngược lại, Atalanta lại có phong độ rất cao. Sau khởi đầu không quá ấn tượng, đội bóng này đã dần bứt phá và đang có chuỗi 14 trận bất bại trên mọi đấu trường. Đặc biệt, Atalanta đã giành chiến thắng trong 9 trận gần nhất. Thành tích ấn tượng này giúp họ vượt mặt Napoli và vươn lên dẫn đầu Serie A. Còn tại Champions League, Atalanta là một trong ba đội chưa thua (thắng 3, hòa 2) và đang chiếm giữ vị trí thứ 5 trên bảng xếp hạng, khá an toàn để giành vé trực tiếp vào vòng knock-out.</p> \r\n\r\n<p>Với phong độ trái ngược giữa hai đội, nhà cái đã ra kèo đồng banh cho trận đấu này, với kèo tài xỉu là 3 trái.</p> \r\n<p>Atalanta còn có lợi thế sân nhà và lực lượng ổn định khi không có ca chấn thương nào mới. Bộ ba tấn công gồm Mateo Retegui, Ademola Lookman và Charles De Ketelaere đang có phong độ rất cao, ghi tổng cộng 29 bàn từ đầu mùa. Trong khi đó, Real Madrid dù có sự trở lại của Vinicius và Rodrygo, nhưng hàng thủ vẫn đang gặp nhiều vấn đề. Dani Carvajal, David Alaba và Diego Militao phải nghỉ dài hạn vì chấn thương, và mới đây, Ferland Mendy và Camavinga cũng gia nhập danh sách thương binh.</p> \r\n\r\n<p>Điểm yếu nơi hàng phòng ngự khiến Real Madrid mất điểm trong thời gian qua. Với tình hình này, họ sẽ gặp nhiều khó khăn trong việc ngăn chặn các cầu thủ tấn công chất lượng của Atalanta.</p> \r\n\r\n<p>Đội hình dự kiến:</p> \r\n<ul> \r\n<li><strong>Atalanta:</strong> Carnesecchi; Djimsiti, Hien, Kolasinac; Bellanova, De Roon, Ederson, Ruggeri; De Ketelaere, Retegui, Lookman.</li>\r\n<li><strong>Real Madrid:</strong> Courtois; Vazquez, Tchouameni, Rudiger, F Garcia; Valverde, Bellingham, Modric; Rodrygo, Mbappe, Vinicius.</li> \r\n</ul>\r\n <p><strong>Lựa chọn của chuyên gia:</strong></p> \r\n<ul> \r\n<li><strong>Kèo đồng banh cả trận:</strong> Chọn Atalanta.</li> \r\n<li><strong>Kèo đồng banh hiệp 1:</strong> Chọn Atalanta.</li> \r\n<li><strong>Kèo tài xỉu 3 trái cả trận:</strong> Chọn xỉu.</li> \r\n<li><strong>Kèo tài xỉu 1,25 trái hiệp 1:</strong> Chọn xỉu.</li> \r\n</ul> \r\n<p><strong>Dự đoán:</strong> Atalanta hòa Real Madrid 1-1.</p>', 'Báo Tuổi Trẻ', 'https://tuoitre.vn/', 1, 3, 'Đã xuất bản', '', '2020-08-16 22:34:00', 0, 0);
INSERT INTO `posts` VALUES (20, 'Sơn Tùng M-TP, HIEUTHUHAI, Soobin và dàn Anh trai say hi \'càn quét\' Làn sóng xanh 2024', 6, 16, 4, '2024-12-16 22:22:25', 'Top 40 Làn sóng xanh 2024 ghi nhận Sơn Tùng M-TP, HIEUTHUHAI, Soobin - 3 ca sĩ nam nổi bật nhất showbiz hiện nay cùng các \'Anh trai say hi\' Quang Hùng MasterD, Dương Domic, Rhyder...', '<p><img src=\"https://cdn.tuoitre.vn/thumb_w/1200/471584752817336320/2024/12/10/son-tung-mtp-17337995085501173434817.jpg\" alt=\"Lối ra vào nhà của nhà ông Trung bị hàng xóm rào chắn - Ảnh: TRƯỜNG TRUNG\" /></p>\r\n\r\n<p>Làn sóng xanh 2024 - giải thưởng âm nhạc do Đài tiếng nói nhân dân TP.HCM (VOH) tổ chức - khởi động vào hôm nay 10-12. Năm nay là năm thứ 27 của giải.</p> \r\n\r\n<h3>Nghệ sĩ nam chiếm ưu thế top 40 Làn sóng xanh</h3>\r\n<p>Năm qua, các ca sĩ và rapper nam khẳng định thế mạnh trên thị trường âm nhạc, vượt trội về số lượng bản hit lẫn mức độ yêu thích. Top 40 Làn sóng xanh 2024 thể hiện rõ điều này.</p> \r\n<p>Nổi bật nhất năm là hai ca khúc của Sơn Tùng M-TP: Đừng làm trái tim anh đau và Chúng ta của tương lai.</p> \r\n<p><img src=\"https://cdn.tuoitre.vn/thumb_w/1200/471584752817336320/2024/12/10/son-tung-mtp-2-17338014333601741228502.jpg\" alt=\"Ca khúc “Đừng làm trái tim anh đau” của Sơn Tùng M-TP là bài hát trụ hạng lâu nhất trong bảng xếp hạng Làn sóng xanh 2024 với 26 tuần - Ảnh: NVCC\" /></p>\r\n\r\n<p>Ca khúc “Đừng làm trái tim anh đau” của Sơn Tùng M-TP là bài hát trụ hạng lâu nhất trong bảng xếp hạng Làn sóng xanh 2024 với 26 tuần.</p> \r\n\r\n<p>Cả hai đều vượt mốc 100 triệu lượt xem trên YouTube và đạt được số liệu ấn tượng trên các nền tảng khác. Đây cũng là hai bài hát xuất hiện lâu nhất trong bảng xếp hạng Làn sóng xanh.</p> \r\n\r\n<p>Đừng làm trái tim anh đau dẫn đầu với việc trụ hạng 26 tuần liên tiếp và giữ vị trí quán quân nhiều nhất là 9 tuần. Chúng ta của tương lai có tổng cộng 21 tuần nằm trong bảng xếp hạng, quán quân 8 tuần. Cùng trụ hạng 21 tuần là ca khúc Từng là của Vũ Cát Tường.</p> \r\n\r\n<p>Sau lời từ khước của Phan Mạnh Quỳnh - nhạc phim Mai của Trấn Thành - duy trì 19 tuần (6 tuần quán quân), còn Thủy triều của Quang Hùng MasterD đạt 18 tuần liên tiếp.</p> \r\n<p><img src=\"https://cdn.tuoitre.vn/thumb_w/730/471584752817336320/2024/12/10/soobin-hieuthuhai-17338002748011299836070.jpg\" alt=\"Soobin và HIEUTHUHAI cũng là những nghệ sĩ có nhiều ca khúc vào bảng xếp hạng Làn sóng xanh 2024 - Ảnh: NVCC\" /></p>\r\n<p>Soobin và HIEUTHUHAI cũng là những nghệ sĩ có nhiều ca khúc vào bảng xếp hạng Làn sóng xanh 2024.</p> \r\n\r\n<p>Các nghệ sĩ nam khác có nhiều ca khúc vào top 40 Làn sóng xanh là HIEUTHUHAI và Soobin, hai cái tên đứng đầu về danh tiếng trong Anh trai say hi và Anh trai vượt ngàn chông gai.</p> \r\n\r\n<p>Nhờ Anh trai say hi, các ca khúc của HIEUTHUHAI đều được cộng đồng fan của anh nhiệt tình ủng hộ, mang lại lượng stream lớn, như: Ngáo ngơ, Love Sand, Walk, Kim phút kim giờ, Quay đi quay lại, Sao hạng A.</p> \r\n\r\n<p>Còn Soobin có các ca khúc hit: Trống cơm, Giá như, Ai mà biết được. Trong đó, Trống cơm \"viral\" mạnh với hình ảnh ca sĩ chơi đàn bầu trên nền nhạc điện tử.</p> \r\n\r\n<h3>Dàn Anh trai say hi \'càn quét\' </h3>\r\n<p>Năm qua, các bản hit đến từ Anh trai say hi và Anh trai vượt ngàn chông gai nhiều tuần liền giữ vị trí cao trong bảng xếp hạng Làn sóng xanh, tạo nên làn sóng cuồng nhiệt từ nhiều đối tượng khán giả.</p> \r\n\r\n<p>Trong số hai chương trình, Anh trai say hi trội hơn về mặt thành tích trên các nền tảng streaming. Lý do có thể đến từ cộng đồng fan trẻ tuổi và các ca khúc cũng mang phong cách trẻ trung, tươi mới.</p> \r\n<p><img src=\"https://cdn.tuoitre.vn/thumb_w/1200/471584752817336320/2024/12/10/anh-trai-say-hi-17338007012601013504699.jpg\" alt=\"Các Anh trai say hi Quang Hùng MasterD, Rhyder và Dương Domic - Ảnh: NVCC\" /></p>\r\n\r\n<p>Bên cạnh HIEUTHUHAI vốn đã nổi tiếng trước chương trình, các \"Anh trai say hi\" có nhiều ca khúc vào top 40 Làn sóng xanh bao gồm: Quang Hùng MasterD, Dương Domic, Rhyder, Pháp Kiều, Wean Lê...</p> \r\n\r\n<p>Đứng ngoài làn sóng nghệ sĩ từ game show, những cái tên có độ nổi tiếng ổn định như MONO, Vũ., nhóm Da LAB, Tăng Duy Tân, Low G, tlinh... cũng có ca khúc vào top 40.</p> \r\n\r\n<p><img src=\"https://cdn.tuoitre.vn/thumb_w/1200/471584752817336320/2024/12/10/mono-17338021387371371093184.jpg\" alt=\"MONO có 2 ca khúc Chăm hoa và Đi tìm tình yêu vào top 40 Làn sóng xanh.\" /></p>\r\n\r\n\r\n<p>Giải Làn sóng xanh năm nay mở cổng bình chọn riêng biệt cho hạng mục nam, nữ ca sĩ/papper được yêu thích nhất. Hạng mục này có ba vòng bình chọn: vòng 1, top 10 và top 5 để bước vào vòng đua cuối cùng.</p> \r\n\r\n<p>Năm nay là năm thứ ba nhóm DTAP đảm nhận vai trò giám đốc âm nhạc cho lễ trao giải Làn sóng xanh. Ban nhạc do Quân Nguyễn đảm nhận, đạo diễn sân khấu là Blonde Nguyễn và đạo diễn chương trình là Nguyễn Tranh. Cặp MC gồm Gil Lê, Tuyền Tăng.</p> \r\n\r\n<p>Lễ trao giải Làn sóng xanh 2024 sẽ diễn ra tại Nhà thi đấu Nguyễn Du vào ngày 15-1-2025.</p>', 'Báo Tuổi Trẻ', 'https://tuoitre.vn/', 0, 3, 'Đã xuất bản', '', '2020-08-16 22:34:00', 0, 0);
INSERT INTO `posts` VALUES (21, 'Vụ \'bà Châu quận 8\' ở Đà Nẵng: Quận chỉ đạo phường kiểm tra việc rào chắn', 7, 19, 4, '2024-12-16 22:23:32', 'Vụ việc \"bà Châu quận 8\" ở Đà Nẵng phản ánh việc hàng xóm trồng cây, dựng hàng rào sắt chắn lối ra vào nhà của người dân, UBND quận Thanh Khê đã chỉ đạo.', '<p><img src=\"https://cdn.tuoitre.vn/thumb_w/1200/471584752817336320/2024/10/25/loi-ra-vao-2-17298229845901646924938.jpg\" alt=\"Lối ra vào nhà của nhà ông Trung bị hàng xóm rào chắn - Ảnh: TRƯỜNG TRUNG\" /></p>\r\n<p>Vừa qua, Tuổi Trẻ Online đã phản ánh về vụ việc trồng cây chặn ngay cửa ra vào nhà dân ở Đà Nẵng, tương tự vụ \"bà Châu quận 8\". UBND quận Thanh Khê đã có văn bản trả lời liên quan đến vấn đề này.</p> \r\n\r\n<p>Công văn do bà Trần Tường Vân, Phó Chủ tịch UBND quận Thanh Khê, ký để phản hồi hộ ông Lê Duy Trung và báo Tuổi Trẻ Online.</p> \r\n\r\n<p>Về nội dung phản ánh của ông Lê Duy Trung, liên quan đến việc ông Nguyễn Văn Thắng (hàng xóm nhà ông Trung) dựng vật dụng che chắn trên đường hẻm 4, kiệt 72 đường Phạm Nhữ Tăng, UBND quận Thanh Khê đã chỉ đạo UBND phường Hòa Khê kiểm tra và xử lý theo thẩm quyền.</p> \r\n\r\n<p>\"Liên quan đến tiếp nhận và xử lý kiến nghị của các hộ dân tại hẻm 4 kiệt 72 Phạm Nhữ Tăng, hiện nay quận Thanh Khê đang tiếp tục chỉ đạo các cơ quan chuyên môn và UBND phường khẩn trương lên phương án tổng thể để xử lý các vấn đề liên quan đến kiến nghị của các hộ dân tại hẻm này theo quy định trong thời gian tới,\" công văn trả lời nêu.</p> \r\n\r\n<p>Trước đó, như Tuổi Trẻ Online đã phản ánh, gia đình ông Lê Duy Trung đã mua căn nhà tại thửa đất số CH00009 ở kiệt 72/4 đường Phạm Nhữ Tăng (phường Hòa Khê, quận Thanh Khê, Đà Nẵng) từ năm 2020. Căn nhà có cửa ngõ hướng ra kiệt 72/4 và một lối đi sau nhà.</p> \r\n<p><img src=\"https://cdn.tuoitre.vn/thumb_w/1200/471584752817336320/2024/10/25/base64-1729823063377137917204.jpeg\" alt=\"Hàng xóm hàn sắt, đóng cọc ngăn cản gia đình ông Lê Duy Trung ra vào kiệt 72 Phạm Nhữ Tăng - Ảnh từ camera\" /></p>\r\n<p>Vụ việc liên quan đến việc hàng xóm ông Trung, là hộ ông Nguyễn Văn Thắng, đã dựng các vật cản ngăn cản gia đình ông Trung ra vào kiệt 72 Phạm Nhữ Tăng. Chính quyền đã khẳng định đây là lối đi công cộng, thuộc sự quản lý của Nhà nước. Tuy nhiên, quá trình giải quyết vấn đề gặp nhiều khó khăn do quan điểm không thống nhất về việc cho phép công dân tiếp cận lối đi.</p> \r\n\r\n<p>Ông Thắng đã liên tục dựng cây, cửa sắt, cọc xi măng để rào chắn lối đi của nhà ông Trung. Việc đối thoại giữa hai bên kéo dài mà không mang lại kết quả, khiến sự việc vẫn chưa được giải quyết dù đã qua 7 năm.</p>\r\n<p><img src=\"https://cdn.tuoitre.vn/thumb_w/1200/471584752817336320/2024/10/25/7-10-17298231509212063792672.jpg\" alt=\"Lối ra vào hẻm bị rào chắn, sự việc kéo dài 7 năm chưa được giải quyết - Ảnh: TRƯỜNG TRUNG\" /></p>', 'Báo Tuổi Trẻ', 'https://tuoitre.vn/', 0, 3, 'Đã xuất bản', '', '2020-08-16 22:33:00', 0, 0);
INSERT INTO `posts` VALUES (22, 'Khung chống rung cho camera của Việt Nam gây chú ý tại triển lãm công nghệ ở Mỹ', 8, 21, 4, '2024-12-16 22:25:16', 'Cameo Gimbal, khung chống rung camera thông minh, 5 trục, mang được hai tải đầu tiên trên thế giới của Việt Nam, đã tạo được tiếng vang tại sự kiện triển lãm về drone vừa diễn ra ở Las Vegas, Mỹ.', '<p><img src=\"https://cdn.tuoitre.vn/thumb_w/1200/471584752817336320/2023/9/9/khung-chong-rung-cameo-cua-rtr-ben-canh-drone-cua-sony-tai-gian-trien-lam-cuea-sony-1694224487135862408469.jpg\" alt=\"Khung chống rung camera thông minh của Việt Nam gây chú ý tại triển lãm công nghệ Mỹ - Ảnh: NVCC\" /></p>\r\n<p>Triển lãm Commerical UAV 202 vừa kết thúc ngày 7-9 ở Las Vegas (Mỹ), lâu nay nổi tiếng là ngày hội để các công ty trong ngành drone của Mỹ và thế giới trưng bày các phát minh, sản phẩm, công nghệ, giải pháp mới nhất của mình.</p>\r\n\r\n<p>Năm nay, triển lãm ghi nhận sự trình làng khung chống rung của nhiều đơn vị nổi tiếng. Trong đó phải kể đến hãng DJI, nhà chế tạo drone hàng đầu thế giới, được Công ty Dronenerds, nhà phân phối drone lớn ở Mỹ giới thiệu. Tuy nhiên sản phẩm này cũng chỉ mang một tải.</p>\r\n\r\n<p>Sản phẩm Cameo Gimbal của Công ty TNHH Real-time Robotics (RtR) Việt Nam gây được chú ý vì có nhiều khác biệt. Trong khi tất cả gimbal hiện tại chỉ có một mắt (mang một tải), Cameo Gimbal có hai mắt (hai tải), thêm bộ não thông minh (máy tính + AI).</p>\r\n\r\n<p>Cameo Gimbal là khung chống rung cho camera có tính đột phá cao, được Công ty Sony mời trưng bày cùng với cameras mới nhất ILX-LR1 dành cho drone của Sony.</p>\r\n\r\n<p>Điều này càng ý nghĩa hơn khi giới chuyên môn đánh giá các phát minh mới nhất tại triển lãm năm nay thiên về tính \"cải tiến\", thiếu vắng những phát minh đột phá.</p>\r\n\r\n<p>RtR cũng là doanh nghiệp Việt Nam từng làm dậy sóng giới công nghệ với sản phẩm Drone Hera bởi những tính năng nổi trội so với các loại drone khác dùng trong việc trinh sát, tìm kiếm, cứu hộ, cứu nạn...</p>\r\n<h3>Khung chống rung lấy cảm hứng từ mắt tắc kè. </h3>\r\n<p>Theo thông tin thuyết minh, Công ty RtR tạo ra phát minh mới này từ cảm hứng của đôi mắt tắc kè. Tắc kè là một trong những sinh vật hiếm hoi có tầm nhìn 360 độ, nhờ vào mỗi mắt có thể cử động, xoay dọc hoặc xoay ngang, nhờ đó đạt tầm quan sát 180 độ. Hai mắt này có thể hoạt động một cách độc lập, hoặc phối hợp với mắt kia.</p>\r\n\r\n<p>Tương tự như đôi mắt của tắc kè, Cameo Gimbal là gimbal duy nhất trên thế giới mang được hai tải, cho phép hai tải có thể xoay dọc, ngang, tròn 360 độ một cách độc lập, cũng như phối hợp hoạt động của hai tải này một cách tối ưu, mang lại tầm nhìn bao phủ 360 độ.</p>\r\n\r\n<p>Lợi ích kinh tế của Cameo Gimbal là mang lại năng suất cao gấp đôi trong tất cả các ứng dụng: giám sát, lập bản đồ, kiểm định hạ tầng… so với năng suất của các gimbal hiện tại chỉ mang và xoay được một tải (có một mắt).</p>\r\n\r\n<p>Công ty RtR gắn với tên tuổi của giám đốc điều hành Lương Việt Quốc, người được xem là \"cha đẻ\" của drone HERA. Cho đến nay, đây vẫn là sản phẩm drone đầy tự hào của người Việt bởi so với sản phẩm cùng kích cỡ, Hera có sức nâng gấp 4 - 7 lần các drone khác. Ngoài ra, Hera đang là drone duy nhất có thể mang bốn tải cùng lúc.</p>\r\n\r\n<p>Ngay khi RtR đang giới thiệu phát minh Cameo Gimbal tại cuộc triển lãm, TS Lương Việt Quốc cũng nhận được thông báo từ công ty luật Dentons. Theo đó, bằng sáng chế (chứng nhận quyền sở hữu trí tuệ (patent) của drone HERA trên toàn cầu đã được chấp thuận (số AU2022256157).</p>\r\n\r\n<p>Đây là lần đầu tiên bằng chứng nhận sở hữu trí tuệ về một phát minh sáng chế của Việt Nam trong một ngành hoàn toàn mới (Drone, HERA) đã được chấp thuận.</p>\r\n\r\n<p>Dentons cho biết bằng sáng chế sẽ được công bố trên toàn cầu ngày 14-12-2023.</p>\r\n', 'Báo Tuổi Trẻ', 'https://tuoitre.vn/', 0, 3, 'Đã xuất bản', '', '2020-08-16 22:33:00', 0, 0);
INSERT INTO `posts` VALUES (23, 'Loại cá nào tốt nhất cho sức khỏe?', 9, 23, 4, '2024-12-16 22:26:55', 'Theo Fox News, có những loại cá được các bác sĩ khuyên dùng vì chúng mang lại nhiều lợi ích cho sức khỏe và rất dễ để tìm thấy.', '<p><img src=\"https://cdn.tuoitre.vn/thumb_w/1200/471584752817336320/2024/12/6/loai-ca-nao-tot-nhat-cho-suc-khoe-17334753763592123804798.jpeg\" alt=\"Có những loại cá được các bác sĩ khuyên dùng vì chúng mang lại nhiều lợi ích cho sức khỏe - Ảnh: Fox News\" /></p>\r\n<p>Ngược lại, một số loại cá nằm trong danh sách các món bạn cần hạn chế ăn. Michelle Routhenstein, một chuyên gia dinh dưỡng tại New York, cho biết: \"Không phải loại cá nào cũng có giá trị dinh dưỡng như nhau, nên việc lựa chọn đúng loại cá sẽ có lợi hơn cho sức khỏe của bạn\".</p>\r\n\r\n<p><strong>Cá nào tốt nhất cho sức khỏe con người?</strong></p>\r\n<p><strong>Cá hồi</strong><br/>\r\nCá hồi được nhiều chuyên gia sức khỏe yêu thích. \"Cá hồi là một trong những lựa chọn tốt nhất cho sức khỏe vì giàu omega-3 giúp hỗ trợ sức khỏe tim mạch và não bộ, đồng thời chứa hàm lượng protein cao\", Lauri Wright, chuyên gia dinh dưỡng và phó giáo sư tại Đại học Nam Florida, chia sẻ.</p>\r\n\r\n<p>Nghiên cứu cho thấy việc tiêu thụ omega-3 giúp giảm tỉ lệ tử vong do bệnh tim, Wright cho biết.</p>\r\n\r\n<p>\"Hơn nữa, omega-3 giúp giảm huyết áp và giảm đáng kể lượng triglyceride\", cô nói.</p>\r\n\r\n<p>\"Không chỉ có lợi cho tim mạch, omega-3 còn có đặc tính chống viêm, rất tốt cho những người bị viêm khớp\".</p>\r\n\r\n<p><strong>Cá mòi</strong><br/>\r\nCá mòi rất giàu EPA và DHA, hai loại axit béo omega-3, mang lại lợi ích chống viêm và tốt cho tim mạch, Routhenstein lưu ý.</p>\r\n\r\n<p>\"Cá mòi cũng có một giá trị dinh dưỡng đặc biệt vì giàu canxi, giúp xương chắc khỏe và điều hòa nhịp tim\", cô nói. Ngoài omega-3, Wright cho biết cá mòi còn giàu vitamin D và giá cả rất phải chăng.</p>\r\n\r\n<p><strong>Cá bơn lưỡi ngựa</strong><br/>\r\nCá bơn chứa nhiều selenium, một chất chống oxy hóa tốt cho tim, giúp giảm viêm và stress oxy hóa, Routhenstein chia sẻ. \"Cá bơn cũng là nguồn cung cấp vitamin B6, có lợi cho hệ miễn dịch, thần kinh và sức khỏe gan\", cô nói.</p>\r\n\r\n<p><strong>Cá hồng</strong><br/>\r\nCá hồng là nguồn kali dồi dào, giúp cải thiện huyết áp và sức khỏe động mạch, Routhenstein nói. Ngoài ra, cá này còn cung cấp nhiều protein và vitamin nhóm B.</p>\r\n\r\n<p><strong>Những loại cá không nên ăn nhiều</strong></p>\r\n\r\n<p><strong>Cá bơn</strong><br/>\r\nCá bơn có nguy cơ nhiễm chất ô nhiễm cao và ít các chất dinh dưỡng tốt cho tim như omega-3, kali và magiê, Routhenstein cảnh báo. \"Cá bơn cũng chứa nhiều natri hơn kali, có thể làm tăng huyết áp\", cô nói thêm.</p>\r\n\r\n<p><strong>Cá ngừ</strong><br/>\r\nNên ăn nhiều cá ngừ hay không là một vấn đề gây tranh cãi, nhưng Routhenstein đã làm rõ một số ý. \"Cá ngừ rất giàu vitamin B6 và B12, hỗ trợ hệ miễn dịch, hormone và sức khỏe thần kinh\", cô nói.</p>\r\n\r\n<p>\"Tuy nhiên, cá ngừ không phải là nguồn cung cấp omega-3 tốt và chứa nhiều thủy ngân, nên nếu ăn, bạn chỉ nên giới hạn 1-2 lần mỗi tuần\".</p>\r\n', 'Báo Tuổi Trẻ', 'https://tuoitre.vn/', 1, 3, 'Đã xuất bản', '', '2020-08-16 22:35:00', 0, 0);
INSERT INTO `posts` VALUES (24, 'Những khu vực nào ở Nha Trang được quy hoạch xây dựng 30-40 tầng?', 10, 26, 4, '2024-12-16 22:27:46', 'Tỉnh Khánh Hòa vừa phê duyệt 3/22 quy hoạch phân khu ở Nha Trang, trong đó có nhiều khu vực sẽ được xây dựng tối đa 30 - 40 tầng.', '<p><img src=\"https://cdn.tuoitre.vn/thumb_w/1200/471584752817336320/2024/12/7/xaydung1-1733541885966827295324.jpg\" alt=\"Khu vực sẽ xây dựng khu đô thị - công viên - trung tâm hành chính mới của tỉnh Khánh Hòa ở Nha Trang - Ảnh: TRẦN HOÀI\" /></p>\r\n<p>UBND tỉnh Khánh Hòa vừa phê duyệt 3/22 quy hoạch phân khu tỉ lệ 1/2000 với tổng diện tích 1.360ha, nhiều khu vực được xây tối đa 30 - 40 tầng.</p>\r\n\r\n<p>Trong đó, phân khu khu đô thị - công viên - trung tâm hành chính mới của tỉnh Khánh Hòa với tổng diện tích hơn 642ha (thuộc xã Vĩnh Thái và Phước Đồng, TP Nha Trang) sẽ là khu đô thị - trung tâm hành chính, dịch vụ công cộng, khu đô thị và khu dân cư chỉnh trang, có quy mô dân số đến năm 2040 hơn 49.000 người.</p>\r\n\r\n<p>Nhóm nhà ở hiện trạng cải tạo (bao gồm làng xóm đô thị hóa), nhà ở mới, nhà ở và dịch vụ bao gồm chức năng dịch vụ hỗn hợp đều có mật độ xây dựng tối đa 80%, tầng cao tối đa từ 7 - 40 tầng, riêng đất khu dịch vụ mật độ xây dựng gộp tối đa 65%, tầng cao tối đa 24 tầng.</p>\r\n\r\n<p>Đối với đất trụ sở, khu hành chính tại khu trung tâm, mật độ xây dựng gộp tối đa 40%, tầng cao tối đa 24 tầng. Tổng diện tích đất cơ quan, trụ sở khoảng 15,44 ha chiếm 3,83% diện tích nghiên cứu.</p>\r\n\r\n<p>Ngoài ra, tại khu vực này sẽ xây mới một bệnh viện đa khoa tuyến cuối tại khu vực trung tâm và các cơ sở khám bệnh.</p>\r\n\r\n<p>Bên cạnh đó, UBND tỉnh Khánh Hòa còn phê duyệt quy hoạch phân khu khu dân cư Tây đường 2 Tháng 4 thuộc các phường Vĩnh Hải, Vĩnh Phước có tổng diện tích hơn 305 ha.</p>\r\n\r\n<p>Diện tích đất đơn vị ở tại khu vực này hơn 93ha, diện tích đất nhóm nhà ở gần 74ha. Quy mô dân số dự báo đến năm 2040 khoảng 29.000 người. Nhóm đất ở mật độ xây dựng tối đa 60%, xây dựng tối đa 30 tầng.</p>\r\n\r\n<p>Với đất hỗn hợp nhóm nhà ở và dịch vụ, mật độ xây dựng gộp tối đa 60%, xây dựng tối đa 20 tầng.</p>\r\n\r\n<p>Khu vực này cũng sẽ bố trí quỹ đất xây dựng nhà ở xã hội, tái định cư trong các khu vực nhóm nhà ở đảm bảo phù hợp với các quy định liên quan.</p>', 'Báo Tuổi Trẻ', 'https://tuoitre.vn/', 2, 3, 'Đã xuất bản', '', '2020-08-16 22:35:00', 1, 0);

-- ----------------------------
-- Table structure for poststatus
-- ----------------------------
DROP TABLE IF EXISTS `poststatus`;
CREATE TABLE `poststatus`  (
  `PostID` int NULL DEFAULT NULL,
  `Status` int NULL DEFAULT NULL,
  `NameStatus` varchar(200) CHARACTER SET utf8 COLLATE utf8_unicode_ci NULL DEFAULT NULL,
  `Reason` varchar(200) CHARACTER SET utf8 COLLATE utf8_unicode_ci NULL DEFAULT NULL,
  `TimePublic` datetime NULL DEFAULT NULL
) ENGINE = InnoDB CHARACTER SET = utf8 COLLATE = utf8_unicode_ci ROW_FORMAT = Dynamic;

-- ----------------------------
-- Records of poststatus
-- ----------------------------

-- ----------------------------
-- Table structure for subcategories
-- ----------------------------
DROP TABLE IF EXISTS `subcategories`;
CREATE TABLE `subcategories`  (
  `SCID` int UNSIGNED NOT NULL AUTO_INCREMENT,
  `SCName` varchar(50) CHARACTER SET utf8 COLLATE utf8_unicode_ci NOT NULL,
  `CID` int NULL DEFAULT NULL,
  `Del` int NULL DEFAULT 0,
  PRIMARY KEY (`SCID`) USING BTREE
) ENGINE = InnoDB AUTO_INCREMENT = 34 CHARACTER SET = utf8 COLLATE = utf8_unicode_ci ROW_FORMAT = Dynamic;

-- ----------------------------
-- Records of subcategories
-- ----------------------------
INSERT INTO `subcategories` VALUES (1, 'Thời sự', 1, 0);
INSERT INTO `subcategories` VALUES (2, 'Giao thông', 1, 0);
INSERT INTO `subcategories` VALUES (3, 'Môi trường - Khí hậu', 1, 0);
INSERT INTO `subcategories` VALUES (4, 'Nghệ thuật', 2, 0);
INSERT INTO `subcategories` VALUES (5, 'Ẩm thực', 2, 0);
INSERT INTO `subcategories` VALUES (6, 'Du lịch', 2, 0);
INSERT INTO `subcategories` VALUES (7, 'Lao động - Việc làm', 3, 0);
INSERT INTO `subcategories` VALUES (8, 'Tài chính', 3, 0);
INSERT INTO `subcategories` VALUES (9, 'Chứng khoán', 3, 0);
INSERT INTO `subcategories` VALUES (10, 'Kinh Doanh', 3, 0);
INSERT INTO `subcategories` VALUES (11, 'Học bổng - Du lịch', 4, 0);
INSERT INTO `subcategories` VALUES (12, 'Đào tạo - Thi cử', 4, 0);
INSERT INTO `subcategories` VALUES (13, 'Bóng đá quốc tế', 5, 0);
INSERT INTO `subcategories` VALUES (14, 'Bóng đá Việt Nam', 5, 0);
INSERT INTO `subcategories` VALUES (15, 'Quần vợt', 5, 0);
INSERT INTO `subcategories` VALUES (16, 'Âm nhạc', 6, 0);
INSERT INTO `subcategories` VALUES (17, 'Thời trang', 6, 0);
INSERT INTO `subcategories` VALUES (18, 'Điện ảnh - Truyền hình', 6, 0);
INSERT INTO `subcategories` VALUES (19, 'An ninh - Trật tự', 7, 0);
INSERT INTO `subcategories` VALUES (20, 'Hình sự - Dân sự', 7, 0);
INSERT INTO `subcategories` VALUES (21, 'CNTT - Viễn thông', 8, 0);
INSERT INTO `subcategories` VALUES (22, 'Thiết bị - Phần cứng', 8, 0);
INSERT INTO `subcategories` VALUES (23, 'Dinh dưỡng - Làm đẹp', 9, 0);
INSERT INTO `subcategories` VALUES (24, 'Tình yêu - Hôn nhân', 9, 0);
INSERT INTO `subcategories` VALUES (25, 'Sức khỏe - Y tế', 9, 0);
INSERT INTO `subcategories` VALUES (26, 'Quản lý - Quy hoạch', 10, 0);
INSERT INTO `subcategories` VALUES (27, 'Không gian - Kiến trúc', 10, 0);

-- ----------------------------
-- Table structure for users
-- ----------------------------
DROP TABLE IF EXISTS `users`;
CREATE TABLE `users`  (
  `UserID` int NOT NULL AUTO_INCREMENT,
  `UserName` varchar(100) CHARACTER SET utf8 COLLATE utf8_unicode_ci NOT NULL,
  `Password_hash` varchar(100) CHARACTER SET utf8 COLLATE utf8_unicode_ci NOT NULL,
  `Phone` varchar(20) CHARACTER SET utf8 COLLATE utf8_unicode_ci NOT NULL,
  `Email` varchar(50) CHARACTER SET utf8 COLLATE utf8_unicode_ci NOT NULL,
  `GoogleID` int NOT NULL DEFAULT 0,
  `Fullname` varchar(150) CHARACTER SET utf8 COLLATE utf8_unicode_ci NULL DEFAULT NULL,
  `Address` varchar(200) CHARACTER SET utf8 COLLATE utf8_unicode_ci NULL DEFAULT NULL,
  `DayOfBirth` date NULL DEFAULT NULL,
  `HSD` int NULL DEFAULT 0,
  `Permission` int NOT NULL DEFAULT 0,
  `Del` int NOT NULL DEFAULT 0,
  `tien` float NOT NULL DEFAULT 0,
  `Premium` int NOT NULL DEFAULT 0,
  `NgayDKPremium` datetime NULL DEFAULT NULL,
  `NgayHHPremium` datetime NULL DEFAULT NULL,
  `ResetToken` varchar(255) CHARACTER SET utf8 COLLATE utf8_unicode_ci NULL DEFAULT NULL,
  `resetTokenExpiry` bigint NULL DEFAULT NULL,
  PRIMARY KEY (`UserID`) USING BTREE
) ENGINE = InnoDB AUTO_INCREMENT = 8 CHARACTER SET = utf8 COLLATE = utf8_unicode_ci ROW_FORMAT = Dynamic;

-- ----------------------------
-- Records of users
-- ----------------------------
INSERT INTO `users` VALUES (1, 'admin', '$2a$08$zdBrvtMawm/skIayihcqQOGj6.BOwMtZkrxGZdehtNePbHVM5Iix.', '0969258024', 'quoctan342@gmail.com',105307758074725901875, 'Nguyễn Quốc Hưng', 'TP Hồ Chí Minh', '2004-11-14', 7, 3, 0, 30000, 1, '2020-08-17 00:40:26', '2020-08-24 00:40:26', NULL, NULL);
INSERT INTO `users` VALUES (2, 'bao123', '$2a$08$zdBrvtMawm/skIayihcqQOGj6.BOwMtZkrxGZdehtNePbHVM5Iix.', '0928037610', 'baonguyenhuynhquocbl03@gmail.com',105307758074725901875, 'Nguyễn Huỳnh Quốc Bảo', 'Tp Hồ Chí Minh', '2004-02-22', 0, 2, 0, 0, 0, NULL, NULL, NULL, NULL);
INSERT INTO `users` VALUES (3, 'huan123', '$2a$08$zdBrvtMawm/skIayihcqQOGj6.BOwMtZkrxGZdehtNePbHVM5Iix.', '03351485442', 'huanhanquoc1234@gmail.com',105307758074725901875, 'Đỗ Gia Huấn', 'Phú Yên', '2004-02-22', 0, 1, 0, 0, 0, NULL, NULL, NULL, NULL);
INSERT INTO `users` VALUES (4, 'sy123', '$2a$08$zdBrvtMawm/skIayihcqQOGj6.BOwMtZkrxGZdehtNePbHVM5Iix.', '03351485441', 'syphongvien@gmail.com',105307758074725901875 , 'Lê Hoàng Sỹ', 'Lâm Đồng', '2004-09-19', 7, 1, 0, 0, 1, '2020-08-17 00:36:14', '2020-08-24 00:36:14', NULL, NULL);
INSERT INTO `users` VALUES (5, 'phong123', '$2a$08$zdBrvtMawm/skIayihcqQOGj6.BOwMtZkrxGZdehtNePbHVM5Iix.', '033514854421', 'phongbientap@gmail.com',105307758074725901875, 'Trần Minh Phong', 'Vũng Tàu', '2004-10-17', 0, 2, 0, 0, 0, NULL, NULL, NULL, NULL);

SET FOREIGN_KEY_CHECKS = 1;
